,ad,count
0,ad326417514499,201
1,ad446676598832,194
2,ad644245094406,151
3,ad695784701977,148
4,ad609885356045,114
5,ad1073741824010,114
6,ad1005022347301,104
7,ad240518168630,103
8,ad833223655441,92
9,ad609885356067,92
10,ad1477468749829,91
11,ad1666447310883,88
12,ad188978561038,88
13,ad1640677507105,87
14,ad1563368095769,85
15,ad1065151889436,83
16,ad1451698946059,81
17,ad8589934641,77
18,ad730144440325,77
19,ad1168231104520,76
20,ad137438953509,74
21,ad996432412695,73
22,ad300647710720,69
23,ad592705486848,69
24,ad884763263032,66
25,ad403726925836,66
26,ad678604832787,65
27,ad541165879321,63
28,ad60129542180,62
29,ad249108103197,62
30,ad893353197623,61
31,ad25769803834,61
32,ad1022202216456,61
33,ad704374636593,61
34,ad1640677507081,60
35,ad1348619730951,60
36,ad1297080123434,59
37,ad420906795009,58
38,ad627065225243,58
39,ad412316860468,58
40,ad730144440334,58
41,ad188978561028,57
42,ad901943132180,56
43,ad283467841559,56
44,ad1597727834123,56
45,ad309237645312,56
46,ad17179869199,56
47,ad584115552321,55
48,ad326417514532,55
49,ad283467841545,53
50,ad1271310319669,53
51,ad326417514509,53
52,ad592705486850,53
53,ad1254130450444,52
54,ad936302870586,52
55,ad635655159836,51
56,ad326417514510,51
57,ad627065225232,51
58,ad893353197572,51
59,ad652835029041,51
60,ad1245540515843,51
61,ad721554505732,50
62,ad1322849927168,50
63,ad1142461300752,50
64,ad1494648619023,50
65,ad120259084295,50
66,ad910533066755,49
67,ad867583393816,49
68,ad1322849927210,49
69,ad1460288880659,48
70,ad979252543494,48
71,ad893353197573,48
72,ad180388626486,48
73,ad1675037245489,47
74,ad1142461300741,47
75,ad77309411334,47
76,ad962072674339,47
77,ad360777252905,46
78,ad996432412691,46
79,ad1211180777522,46
80,ad962072674321,45
81,ad180388626452,45
82,ad970662608912,45
83,ad833223655433,45
84,ad137438953499,44
85,ad1202590842892,44
86,ad60129542145,44
87,ad910533066783,44
88,ad1340029796386,43
89,ad541165879328,43
90,ad300647710746,43
91,ad661424963612,43
92,ad1511828488241,43
93,ad549755813893,43
94,ad1400159338560,42
95,ad1039382085676,42
96,ad343597383689,42
97,ad42949673007,42
98,ad17179869194,42
99,ad1486058684428,42
100,ad54,41
101,ad601295421511,41
102,ad816043786266,41
103,ad317827579933,41
104,ad1262720385031,41
105,ad1382979469346,41
106,ad807453851689,40
107,ad833223655438,40
108,ad1331439861777,40
109,ad1666447310868,40
110,ad1194000908297,39
111,ad1331439861827,39
112,ad755914244127,39
113,ad42949672985,39
114,ad1228360646715,39
115,ad1108101562368,39
116,ad146028888064,38
117,ad1271310319632,38
118,ad25769803779,38
119,ad1202590842910,38
120,ad1623497637911,38
121,ad1348619730950,38
122,ad266287972404,38
123,ad1322849927218,38
124,ad850403524639,38
125,ad214748364824,38
126,ad1245540515867,38
127,ad403726925844,38
128,ad1434519076875,38
129,ad352187318295,37
130,ad670014898177,37
131,ad146028888109,37
132,ad523986010163,37
133,ad163208757283,37
134,ad1245540515846,37
135,ad369367187484,37
136,ad154618822661,36
137,ad1451698946069,36
138,ad188978561083,36
139,ad60129542188,36
140,ad257698037784,36
141,ad1314259992597,36
142,ad1271310319635,36
143,ad979252543539,35
144,ad798863917112,35
145,ad1400159338532,35
146,ad661424963631,35
147,ad94489280539,35
148,ad395136991280,35
149,ad1065151889434,35
150,ad824633720835,34
151,ad1675037245484,34
152,ad781684047884,34
153,ad1511828488201,34
154,ad747324309547,34
155,ad532575944735,34
156,ad1451698946067,34
157,ad1400159338497,34
158,ad1700807049221,34
159,ad1331439861793,34
160,ad601295421467,33
161,ad541165879318,33
162,ad1657857376301,33
163,ad1614907703299,33
164,ad884763262995,33
165,ad558345748487,33
166,ad197568495659,33
167,ad936302870563,33
168,ad858993459241,32
169,ad1176821039168,32
170,ad42949672968,32
171,ad1151051235344,32
172,ad858993459221,32
173,ad188978561071,32
174,ad85899345976,32
175,ad1288490188814,31
176,ad816043786248,31
177,ad824633720864,31
178,ad1047972020228,31
179,ad721554505743,31
180,ad77309411348,31
181,ad833223655478,31
182,ad1623497637903,31
183,ad1666447310848,31
184,ad970662608906,31
185,ad1365799600173,31
186,ad154618822697,31
187,ad730144440337,31
188,ad1022202216448,31
189,ad1159641169937,31
190,ad68719476758,30
191,ad1288490188807,30
192,ad798863917065,30
193,ad1692217114666,30
194,ad876173328441,30
195,ad1649267441719,30
196,ad463856468015,30
197,ad979252543552,30
198,ad979252543559,30
199,ad970662608960,30
200,ad1245540515879,30
201,ad472446402622,30
202,ad25769803796,30
203,ad455266533388,30
204,ad1030792151043,30
205,ad180388626460,30
206,ad1529008357409,30
207,ad1451698946066,29
208,ad34359738421,29
209,ad8589934627,29
210,ad1657857376263,29
211,ad1700807049243,29
212,ad541165879312,29
213,ad1228360646672,29
214,ad163208757252,29
215,ad111669149750,29
216,ad292057776152,29
217,ad317827579971,29
218,ad103079215146,29
219,ad68719476787,29
220,ad395136991261,28
221,ad1382979469335,28
222,ad1047972020235,28
223,ad481036337193,28
224,ad1546188226589,28
225,ad635655159843,28
226,ad403726925842,28
227,ad180388626448,28
228,ad412316860418,28
229,ad816043786262,28
230,ad240518168584,28
231,ad64,28
232,ad283467841573,28
233,ad1082331758598,28
234,ad1451698946079,28
235,ad575525617688,28
236,ad1185410973747,28
237,ad1477468749826,28
238,ad566935683117,28
239,ad188978561048,28
240,ad412316860458,27
241,ad103079215137,27
242,ad893353197617,27
243,ad962072674317,27
244,ad1580547964971,27
245,ad644245094427,27
246,ad481036337155,27
247,ad1546188226563,27
248,ad1185410973701,27
249,ad1254130450438,26
250,ad1443109011465,26
251,ad60129542177,26
252,ad1649267441723,26
253,ad1477468749886,26
254,ad652835029000,26
255,ad309237645333,26
256,ad317827579952,26
257,ad68719476771,26
258,ad549755813925,26
259,ad1082331758618,26
260,ad1520418422796,26
261,ad1503238553647,26
262,ad816043786284,26
263,ad1666447310866,26
264,ad1056561954852,26
265,ad558345748497,26
266,ad1262720385049,26
267,ad1305670057987,25
268,ad1606317768721,25
269,ad103079215160,25
270,ad1546188226611,25
271,ad1468878815285,25
272,ad781684047901,25
273,ad1443109011490,25
274,ad395136991282,25
275,ad25769803797,25
276,ad1554778161202,25
277,ad987842478089,25
278,ad85899345974,25
279,ad893353197570,25
280,ad1700807049299,25
281,ad292057776173,25
282,ad25769803800,25
283,ad163208757293,25
284,ad1185410973714,25
285,ad94489280555,25
286,ad1254130450493,25
287,ad1073741824033,25
288,ad1580547964956,25
289,ad1589137899562,25
290,ad1073741824043,25
291,ad68719476770,25
292,ad463856467988,25
293,ad197568495653,24
294,ad558345748507,24
295,ad223338299428,24
296,ad1580547964929,24
297,ad1417339207732,24
298,ad755914244129,24
299,ad498216206373,24
300,ad1374389534759,24
301,ad1331439861809,24
302,ad395136991290,24
303,ad962072674328,24
304,ad910533066760,24
305,ad1030792151048,24
306,ad1640677507130,24
307,ad343597383740,24
308,ad283467841543,24
309,ad1546188226587,24
310,ad695784701968,24
311,ad197568495622,24
312,ad137438953502,24
313,ad1322849927180,24
314,ad197568495633,24
315,ad1632087572496,24
316,ad1073741824052,24
317,ad352187318280,24
318,ad1228360646663,24
319,ad816043786308,23
320,ad1692217114638,23
321,ad85899345958,23
322,ad1391569403955,23
323,ad146028888074,23
324,ad1099511627821,23
325,ad266287972359,23
326,ad1262720385050,23
327,ad1477468749848,23
328,ad249108103220,23
329,ad1529008357387,23
330,ad1623497637953,23
331,ad592705486891,23
332,ad910533066820,23
333,ad678604832804,23
334,ad558345748538,23
335,ad635655159873,23
336,ad1374389534732,23
337,ad1314259992607,23
338,ad317827579972,23
339,ad635655159860,23
340,ad807453851685,23
341,ad1554778161178,23
342,ad231928234008,22
343,ad712964571137,22
344,ad1194000908299,22
345,ad1468878815245,22
346,ad1254130450496,22
347,ad1692217114652,22
348,ad1537598291995,22
349,ad22,22
350,ad1468878815268,22
351,ad1408749273119,22
352,ad893353197577,22
353,ad1082331758640,22
354,ad1382979469359,22
355,ad68719476801,22
356,ad1065151889435,22
357,ad412316860420,22
358,ad807453851696,22
359,ad816043786282,22
360,ad************,22
361,ad721554505753,22
362,ad876173328428,22
363,ad747324309558,22
364,ad498216206358,22
365,ad627065225237,22
366,ad1065151889409,22
367,ad1563368095746,22
368,ad257698037814,22
369,ad309237645353,22
370,ad1451698946098,22
371,ad1305670058048,22
372,ad1056561954855,22
373,ad1056561954857,22
374,ad420906795074,21
375,ad635655159875,21
376,ad77309411383,21
377,ad1692217114639,21
378,ad163208757299,21
379,ad798863917099,21
380,ad1133871366159,21
381,ad1305670058024,21
382,ad1262720385026,21
383,ad180388626499,21
384,ad309237645355,21
385,ad1434519076888,21
386,ad738734374920,21
387,ad1039382085697,21
388,ad455266533401,21
389,ad1005022347270,21
390,ad317827579914,21
391,ad429496729650,21
392,ad987842478114,21
393,ad773094113283,21
394,ad1408749273128,21
395,ad377957122079,21
396,ad1314259992613,21
397,ad1709396983860,21
398,ad670014898185,21
399,ad1511828488230,21
400,ad214748364845,20
401,ad1116691496971,20
402,ad1099511627793,20
403,ad661424963605,20
404,ad34359738388,20
405,ad1468878815242,20
406,ad1305670058006,20
407,ad884763263026,20
408,ad558345748508,20
409,ad274877906978,20
410,ad781684047874,20
411,ad1022202216493,20
412,ad438086664236,20
413,ad798863917084,20
414,ad197568495617,20
415,ad377957122055,20
416,ad1133871366162,20
417,ad1425929142326,20
418,ad231928234007,20
419,ad1279900254209,20
420,ad1047972020293,20
421,ad1374389534749,20
422,ad1692217114660,20
423,ad1503238553620,20
424,ad51539607601,20
425,ad197568495649,20
426,ad858993459248,20
427,ad730144440333,20
428,ad618475290656,20
429,ad326417514536,19
430,ad1692217114640,19
431,ad386547056659,19
432,ad575525617686,19
433,ad592705486876,19
434,ad532575944726,19
435,ad773094113299,19
436,ad618475290637,19
437,ad936302870556,19
438,ad60129542174,19
439,ad438086664220,19
440,ad335007449094,19
441,ad77309411350,19
442,ad850403524647,19
443,ad919123001382,19
444,ad1683627180082,19
445,ad1185410973710,19
446,ad1683627180069,19
447,ad1537598292019,19
448,ad1194000908347,19
449,ad747324309524,19
450,ad335007449097,19
451,ad188978561045,19
452,ad446676598790,19
453,ad566935683097,19
454,ad1425929142276,19
455,ad1176821039140,19
456,ad1571958030359,19
457,ad1709396983858,19
458,ad601295421477,19
459,ad1597727834135,19
460,ad1047972020225,19
461,ad807453851674,19
462,ad1649267441686,19
463,ad1228360646694,19
464,ad51539607575,18
465,ad798863917103,18
466,ad858993459249,18
467,ad197568495637,18
468,ad77309411352,18
469,ad687194767398,18
470,ad111669149722,18
471,ad1090921693204,18
472,ad188978561037,18
473,ad678604832822,18
474,ad506806140975,18
475,ad249108103199,18
476,ad274877906981,18
477,ad1546188226613,18
478,ad790273982503,18
479,ad498216206355,18
480,ad824633720868,18
481,ad146028888120,18
482,ad240518168580,18
483,ad68719476764,18
484,ad1314259992625,18
485,ad103079215115,18
486,ad51539607585,18
487,ad352187318299,18
488,ad584115552257,18
489,ad1443109011471,18
490,ad489626271814,18
491,ad1563368095789,18
492,ad171798691865,18
493,ad884763262982,18
494,ad1219770712088,18
495,ad360777252934,18
496,ad1133871366156,18
497,ad1425929142332,18
498,ad343597383706,18
499,ad979252543548,18
500,ad266287972397,18
501,ad944892805154,18
502,ad790273982485,18
503,ad1254130450478,18
504,ad541165879333,18
505,ad429496729638,18
506,ad1614907703310,18
507,ad919123001398,18
508,ad34359738386,18
509,ad1700807049244,18
510,ad455266533433,18
511,ad833223655479,17
512,ad42949673000,17
513,ad1176821039132,17
514,ad352187318275,17
515,ad412316860424,17
516,ad695784701979,17
517,ad1425929142284,17
518,ad274877906956,17
519,ad1305670058017,17
520,ad300647710759,17
521,ad1279900254242,17
522,ad575525617691,17
523,ad1108101562411,17
524,ad17179869186,17
525,ad1082331758647,17
526,ad85899345935,17
527,ad455266533410,17
528,ad541165879305,17
529,ad1700807049297,17
530,ad695784701988,17
531,ad120259084309,17
532,ad1563368095765,17
533,ad523986010133,17
534,ad1357209665586,17
535,ad592705486916,17
536,ad146028888069,17
537,ad111669149717,17
538,ad1340029796388,17
539,ad1400159338525,17
540,ad1391569403915,17
541,ad34359738413,17
542,ad1408749273112,17
543,ad635655159852,17
544,ad738734374941,17
545,ad953482739713,17
546,ad764504178769,17
547,ad506806140982,17
548,ad1494648619034,17
549,ad876173328400,17
550,ad17179869223,17
551,ad1176821039122,17
552,ad446676598799,17
553,ad463856468001,17
554,ad687194767378,17
555,ad1133871366186,17
556,ad223338299437,17
557,ad1451698946093,17
558,ad85899345920,17
559,ad1374389534779,17
560,ad171798691872,17
561,ad188978561090,17
562,ad77309411372,17
563,ad1116691496977,17
564,ad1314259992606,17
565,ad1477468749872,17
566,ad163208757256,17
567,ad1116691496972,17
568,ad1460288880689,17
569,ad1382979469320,17
570,ad1082331758648,17
571,ad1022202216467,16
572,ad833223655429,16
573,ad1632087572516,16
574,ad25769803788,16
575,ad103079215108,16
576,ad429496729654,16
577,ad523986010151,16
578,ad420906795008,16
579,ad635655159849,16
580,ad962072674326,16
581,ad377957122067,16
582,ad1348619730953,16
583,ad558345748517,16
584,ad541165879306,16
585,ad1340029796391,16
586,ad206158430226,16
587,ad652835029008,16
588,ad790273982471,16
589,ad1047972020264,16
590,ad34359738401,16
591,ad1331439861785,16
592,ad283467841572,16
593,ad1666447310852,16
594,ad858993459261,16
595,ad1279900254212,16
596,ad1228360646684,16
597,ad1546188226604,16
598,ad309237645338,16
599,ad128849018925,16
600,ad1142461300788,16
601,ad1202590842906,16
602,ad111669149701,16
603,ad1666447310892,16
604,ad1271310319655,16
605,ad609885356073,16
606,ad1657857376262,16
607,ad687194767361,16
608,ad1666447310887,16
609,ad1202590842893,16
610,ad25769803802,16
611,ad231928233986,16
612,ad34359738438,16
613,ad1228360646717,16
614,ad1623497637894,16
615,ad1159641169973,16
616,ad1245540515883,16
617,ad824633720848,16
618,ad1374389534738,16
619,ad1082331758627,16
620,ad1331439861818,16
621,ad841813590057,16
622,ad627065225234,16
623,ad257698037760,15
624,ad1262720385043,15
625,ad1022202216491,15
626,ad635655159837,15
627,ad369367187520,15
628,ad1709396983851,15
629,ad386547056655,15
630,ad987842478082,15
631,ad386547056680,15
632,ad223338299417,15
633,ad214748364817,15
634,ad94489280543,15
635,ad1468878815259,15
636,ad1589137899561,15
637,ad687194767375,15
638,ad712964571136,15
639,ad558345748523,15
640,ad1468878815248,15
641,ad1709396983814,15
642,ad970662608930,15
643,ad1168231104516,15
644,ad1520418422831,15
645,ad1537598291998,15
646,ad1039382085692,15
647,ad1571958030348,15
648,ad1365799600153,15
649,ad377957122063,15
650,ad1288490188826,15
651,ad343597383730,15
652,ad68719476778,15
653,ad438086664243,15
654,ad1400159338550,15
655,ad1297080123400,15
656,ad798863917081,15
657,ad901943132198,15
658,ad1425929142297,15
659,ad68719476791,15
660,ad94489280526,15
661,ad1116691496974,15
662,ad1425929142340,15
663,ad377957122103,15
664,ad1279900254215,15
665,ad137438953475,15
666,ad77309411346,14
667,ad1047972020226,14
668,ad816043786259,14
669,ad850403524626,14
670,ad19,14
671,ad764504178736,14
672,ad1176821039127,14
673,ad1340029796376,14
674,ad1589137899530,14
675,ad1065151889458,14
676,ad635655159814,14
677,ad730144440360,14
678,ad773094113290,14
679,ad584115552293,14
680,ad94489280561,14
681,ad1245540515842,14
682,ad807453851676,14
683,ad17179869214,14
684,ad1194000908319,14
685,ad1486058684467,14
686,ad515396075542,14
687,ad558345748493,14
688,ad240518168611,14
689,ad979252543516,14
690,ad833223655499,14
691,ad137438953478,14
692,ad1047972020224,14
693,ad1649267441718,14
694,ad1168231104554,14
695,ad1116691496967,14
696,ad188978561040,14
697,ad1374389534774,14
698,ad532575944736,14
699,ad1700807049232,14
700,ad695784701984,14
701,ad987842478144,14
702,ad944892805172,14
703,ad257698037786,14
704,ad858993459214,14
705,ad429496729634,14
706,ad1030792151056,14
707,ad609885356048,14
708,ad36,14
709,ad1666447310879,14
710,ad5,14
711,ad1374389534775,14
712,ad1468878815234,14
713,ad1382979469337,14
714,ad816043786267,14
715,ad369367187476,14
716,ad1159641169969,14
717,ad455266533390,14
718,ad1254130450472,14
719,ad944892805140,14
720,ad274877906968,14
721,ad1365799600140,14
722,ad352187318331,14
723,ad1554778161182,14
724,ad377957122052,14
725,ad326417514530,14
726,ad910533066819,14
727,ad764504178745,14
728,ad515396075549,14
729,ad695784701991,14
730,ad498216206366,14
731,ad1623497637888,14
732,ad223338299404,14
733,ad85899345957,14
734,ad1683627180074,13
735,ad970662608961,13
736,ad300647710724,13
737,ad1520418422841,13
738,ad575525617712,13
739,ad214748364810,13
740,ad1709396983833,13
741,ad919123001388,13
742,ad1382979469314,13
743,ad1434519076920,13
744,ad60129542163,13
745,ad876173328426,13
746,ad1451698946049,13
747,ad180388626433,13
748,ad25769803799,13
749,ad1597727834145,13
750,ad1228360646718,13
751,ad317827579934,13
752,ad128849018881,13
753,ad1176821039121,13
754,ad1623497637927,13
755,ad1168231104564,13
756,ad1090921693241,13
757,ad1503238553653,13
758,ad858993459210,13
759,ad188978561063,13
760,ad8589934650,13
761,ad42949672964,13
762,ad1202590842904,13
763,ad1606317768743,13
764,ad558345748515,13
765,ad721554505735,13
766,ad1571958030345,13
767,ad1090921693224,13
768,ad721554505766,13
769,ad833223655469,13
770,ad188978561052,13
771,ad163208757305,13
772,ad858993459235,13
773,ad1666447310863,13
774,ad1666447310925,13
775,ad841813590033,13
776,ad910533066780,13
777,ad403726925825,13
778,ad1168231104562,13
779,ad601295421504,13
780,ad1503238553652,13
781,ad1056561954820,13
782,ad1142461300791,13
783,ad455266533392,13
784,ad979252543493,13
785,ad1460288880693,13
786,ad1675037245441,13
787,ad1271310319620,13
788,ad1082331758653,13
789,ad592705486852,13
790,ad1142461300736,13
791,ad412316860419,13
792,ad721554505765,13
793,ad1108101562415,12
794,ad644245094436,12
795,ad506806140938,12
796,ad833223655472,12
797,ad1554778161181,12
798,ad188978561067,12
799,ad919123001390,12
800,ad343597383734,12
801,ad42949672998,12
802,ad1108101562389,12
803,ad1700807049227,12
804,ad1529008357412,12
805,ad1580547964946,12
806,ad1486058684456,12
807,ad1443109011500,12
808,ad1477468749852,12
809,ad1563368095749,12
810,ad1365799600150,12
811,ad240518168631,12
812,ad60129542185,12
813,ad1331439861807,12
814,ad695784701973,12
815,ad206158430210,12
816,ad1589137899543,12
817,ad1365799600155,12
818,ad1623497637952,12
819,ad652835029038,12
820,ad1297080123405,12
821,ad1151051235333,12
822,ad1511828488222,12
823,ad386547056679,12
824,ad953482739747,12
825,ad1477468749849,12
826,ad893353197640,12
827,ad919123001347,12
828,ad231928234019,12
829,ad352187318276,12
830,ad850403524637,12
831,ad1047972020258,12
832,ad1194000908349,12
833,ad1357209665541,12
834,ad463856468014,12
835,ad274877907013,12
836,ad1700807049220,12
837,ad1400159338533,12
838,ad489626271792,12
839,ad970662608923,12
840,ad68719476779,12
841,ad1125281431553,12
842,ad773094113328,12
843,ad773094113314,12
844,ad429496729626,12
845,ad103079215170,12
846,ad635655159812,12
847,ad1279900254267,12
848,ad1254130450457,12
849,ad979252543489,12
850,ad1125281431602,12
851,ad206158430219,12
852,ad1606317768759,12
853,ad1262720385034,12
854,ad1228360646664,12
855,ad128849018903,12
856,ad1185410973733,12
857,ad944892805128,12
858,ad455266533386,12
859,ad601295421502,12
860,ad850403524611,12
861,ad34359738408,12
862,ad1271310319622,12
863,ad317827579909,11
864,ad678604832779,11
865,ad584115552305,11
866,ad34359738434,11
867,ad1022202216489,11
868,ad1700807049298,11
869,ad1554778161201,11
870,ad1692217114663,11
871,ad1666447310915,11
872,ad944892805189,11
873,ad1408749273105,11
874,ad858993459218,11
875,ad1417339207717,11
876,ad549755813891,11
877,ad1614907703297,11
878,ad1391569403935,11
879,ad412316860447,11
880,ad790273982476,11
881,ad1288490188832,11
882,ad1168231104526,11
883,ad773094113306,11
884,ad8589934610,11
885,ad1451698946058,11
886,ad1322849927211,11
887,ad807453851651,11
888,ad1700807049229,11
889,ad335007449119,11
890,ad1228360646669,11
891,ad670014898231,11
892,ad687194767379,11
893,ad1486058684471,11
894,ad1322849927191,11
895,ad592705486855,11
896,ad1563368095770,11
897,ad833223655428,11
898,ad541165879296,11
899,ad1640677507131,11
900,ad68719476753,11
901,ad266287972378,11
902,ad214748364833,11
903,ad893353197596,11
904,ad85899345966,11
905,ad446676598816,11
906,ad360777252915,11
907,ad858993459243,11
908,ad1709396983821,11
909,ad171798691881,11
910,ad927712936003,11
911,ad1082331758637,11
912,ad300647710769,11
913,ad1030792151065,11
914,ad1486058684431,11
915,ad103079215157,11
916,ad1692217114665,11
917,ad1288490188800,11
918,ad163208757266,11
919,ad1219770712086,11
920,ad1271310319617,11
921,ad936302870548,11
922,ad687194767403,11
923,ad670014898230,11
924,ad901943132162,11
925,ad876173328401,11
926,ad1236950581263,11
927,ad60129542193,11
928,ad1108101562399,11
929,ad42949672983,11
930,ad498216206339,11
931,ad833223655447,11
932,ad652835029014,11
933,ad1537598291978,11
934,ad1580547964984,11
935,ad661424963597,11
936,ad1005022347294,11
937,ad970662608971,11
938,ad223338299432,11
939,ad1537598291986,11
940,ad51539607592,11
941,ad1056561954834,11
942,ad910533066793,11
943,ad25769803805,11
944,ad1288490188852,10
945,ad558345748520,10
946,ad1185410973745,10
947,ad712964571164,10
948,ad1554778161195,10
949,ad274877906998,10
950,ad970662608936,10
951,ad773094113284,10
952,ad1546188226591,10
953,ad1297080123432,10
954,ad549755813945,10
955,ad523986010153,10
956,ad1194000908312,10
957,ad764504178716,10
958,ad816043786295,10
959,ad1443109011477,10
960,ad798863917083,10
961,ad1374389534748,10
962,ad833223655446,10
963,ad1297080123445,10
964,ad188978561088,10
965,ad1666447310885,10
966,ad395136991264,10
967,ad695784702008,10
968,ad1460288880700,10
969,ad266287972399,10
970,ad1486058684417,10
971,ad1013612281921,10
972,ad1477468749843,10
973,ad867583393836,10
974,ad85899345973,10
975,ad257698037763,10
976,ad1254130450491,10
977,ad1348619730975,10
978,ad627065225249,10
979,ad962072674355,10
980,ad1245540515890,10
981,ad68,10
982,ad1486058684472,10
983,ad1382979469316,10
984,ad231928233987,10
985,ad335007449114,10
986,ad481036337211,10
987,ad231928234004,10
988,ad1597727834114,10
989,ad103079215155,10
990,ad979252543522,10
991,ad163208757294,10
992,ad944892805136,10
993,ad1382979469336,10
994,ad249108103211,10
995,ad678604832797,10
996,ad128849018933,10
997,ad833223655432,10
998,ad953482739745,10
999,ad936302870560,10
1000,ad1013612281914,10
1001,ad137438953495,10
1002,ad369367187468,10
1003,ad910533066827,10
1004,ad386547056692,10
1005,ad17179869189,10
1006,ad652835029017,10
1007,ad1082331758613,10
1008,ad1254130450435,10
1009,ad704374636555,10
1010,ad429496729635,10
1011,ad1005022347324,10
1012,ad661424963592,10
1013,ad764504178696,10
1014,ad1142461300782,10
1015,ad850403524646,10
1016,ad1219770712064,10
1017,ad1159641169957,10
1018,ad292057776181,10
1019,ad747324309534,10
1020,ad1056561954848,10
1021,ad1503238553635,9
1022,ad266287972391,9
1023,ad1477468749861,9
1024,ad979252543512,9
1025,ad738734374913,9
1026,ad798863917086,9
1027,ad249108103200,9
1028,ad1425929142272,9
1029,ad68719476805,9
1030,ad910533066804,9
1031,ad120259084315,9
1032,ad1443109011489,9
1033,ad1597727834164,9
1034,ad197568495630,9
1035,ad884763263002,9
1036,ad1511828488193,9
1037,ad1202590842930,9
1038,ad120259084311,9
1039,ad670014898181,9
1040,ad1271310319656,9
1041,ad1649267441702,9
1042,ad558345748540,9
1043,ad120259084351,9
1044,ad1176821039169,9
1045,ad283467841588,9
1046,ad1700807049256,9
1047,ad498216206371,9
1048,ad1606317768739,9
1049,ad523986010132,9
1050,ad60129542190,9
1051,ad678604832785,9
1052,ad1125281431581,9
1053,ad274877906971,9
1054,ad1073741824038,9
1055,ad1202590842931,9
1056,ad214748364831,9
1057,ad1288490188853,9
1058,ad283467841591,9
1059,ad901943132195,9
1060,ad584115552312,9
1061,ad927712935957,9
1062,ad944892805180,9
1063,ad103079215118,9
1064,ad1185410973705,9
1065,ad790273982511,9
1066,ad841813590022,9
1067,ad773094113296,9
1068,ad386547056687,9
1069,ad1245540515894,9
1070,ad1709396983853,9
1071,ad1675037245450,9
1072,ad601295421446,9
1073,ad773094113335,9
1074,ad111669149713,9
1075,ad369367187462,9
1076,ad1700807049263,9
1077,ad730144440320,9
1078,ad403726925870,9
1079,ad1546188226571,9
1080,ad1151051235378,9
1081,ad1151051235387,9
1082,ad738734374935,9
1083,ad884763263029,9
1084,ad481036337182,9
1085,ad1391569403974,9
1086,ad498216206380,9
1087,ad1374389534735,9
1088,ad1082331758636,9
1089,ad489626271786,9
1090,ad240518168600,9
1091,ad584115552274,9
1092,ad377957122057,9
1093,ad1005022347326,9
1094,ad1683627180084,9
1095,ad609885356040,9
1096,ad1305670058031,9
1097,ad171798691871,9
1098,ad146028888127,9
1099,ad618475290628,9
1100,ad326417514514,9
1101,ad34359738439,9
1102,ad1460288880644,9
1103,ad1374389534720,8
1104,ad1056561954823,8
1105,ad386547056653,8
1106,ad1640677507123,8
1107,ad1649267441693,8
1108,ad609885356044,8
1109,ad901943132179,8
1110,ad730144440345,8
1111,ad687194767365,8
1112,ad51539607562,8
1113,ad377957122088,8
1114,ad1683627180034,8
1115,ad1597727834148,8
1116,ad987842478141,8
1117,ad438086664246,8
1118,ad1597727834126,8
1119,ad867583393808,8
1120,ad1529008357415,8
1121,ad1262720385078,8
1122,ad489626271803,8
1123,ad1700807049276,8
1124,ad1013612281886,8
1125,ad292057776139,8
1126,ad1322849927200,8
1127,ad1168231104561,8
1128,ad901943132165,8
1129,ad833223655498,8
1130,ad1425929142305,8
1131,ad1477468749862,8
1132,ad1108101562370,8
1133,ad704374636591,8
1134,ad1391569403959,8
1135,ad274877906993,8
1136,ad1614907703314,8
1137,ad429496729603,8
1138,ad17179869185,8
1139,ad695784701983,8
1140,ad1434519076881,8
1141,ad1468878815258,8
1142,ad369367187511,8
1143,ad1022202216461,8
1144,ad1700807049274,8
1145,ad1425929142309,8
1146,ad1451698946056,8
1147,ad1537598292007,8
1148,ad944892805168,8
1149,ad1529008357386,8
1150,ad1056561954854,8
1151,ad1159641169953,8
1152,ad1554778161223,8
1153,ad1228360646679,8
1154,ad1142461300792,8
1155,ad188978561066,8
1156,ad1211180777491,8
1157,ad566935683080,8
1158,ad146028888072,8
1159,ad1005022347267,8
1160,ad146028888068,8
1161,ad1546188226575,8
1162,ad103079215139,8
1163,ad1271310319673,8
1164,ad1477468749840,8
1165,ad1571958030395,8
1166,ad635655159874,8
1167,ad1262720385025,8
1168,ad1503238553648,8
1169,ad317827579911,8
1170,ad481036337207,8
1171,ad678604832768,8
1172,ad781684047917,8
1173,ad1597727834153,8
1174,ad1211180777475,8
1175,ad498216206351,8
1176,ad274877906947,8
1177,ad309237645321,8
1178,ad1271310319659,8
1179,ad360777252867,8
1180,ad910533066773,8
1181,ad1297080123431,8
1182,ad34359738422,8
1183,ad1425929142275,8
1184,ad601295421468,8
1185,ad489626271772,8
1186,ad335007449130,8
1187,ad1408749273134,8
1188,ad730144440329,8
1189,ad1563368095753,8
1190,ad661424963633,8
1191,ad755914244105,8
1192,ad1236950581284,8
1193,ad1365799600167,8
1194,ad1331439861800,8
1195,ad1434519076907,8
1196,ad987842478110,8
1197,ad549755813921,8
1198,ad1331439861826,8
1199,ad996432412705,8
1200,ad893353197620,8
1201,ad1382979469349,8
1202,ad910533066775,8
1203,ad1391569403938,8
1204,ad60129542168,8
1205,ad1391569403922,8
1206,ad1382979469325,8
1207,ad223338299418,8
1208,ad747324309509,8
1209,ad1400159338507,8
1210,ad1365799600164,8
1211,ad1065151889417,8
1212,ad335007449091,8
1213,ad137438953494,8
1214,ad34359738382,8
1215,ad1477468749869,8
1216,ad1211180777533,8
1217,ad395136991247,8
1218,ad506806140934,7
1219,ad1228360646692,7
1220,ad395136991273,7
1221,ad1443109011482,7
1222,ad420906795069,7
1223,ad1348619730971,7
1224,ad1546188226623,7
1225,ad523986010165,7
1226,ad446676598797,7
1227,ad455266533383,7
1228,ad1649267441700,7
1229,ad103079215144,7
1230,ad1065151889437,7
1231,ad816043786271,7
1232,ad532575944721,7
1233,ad51539607556,7
1234,ad455266533417,7
1235,ad223338299448,7
1236,ad858993459256,7
1237,ad1047972020289,7
1238,ad970662608972,7
1239,ad712964571138,7
1240,ad231928234015,7
1241,ad103079215154,7
1242,ad68719476788,7
1243,ad1168231104513,7
1244,ad300647710745,7
1245,ad661424963609,7
1246,ad463856467981,7
1247,ad1614907703340,7
1248,ad1529008357392,7
1249,ad412316860460,7
1250,ad764504178757,7
1251,ad1142461300753,7
1252,ad1692217114659,7
1253,ad1649267441676,7
1254,ad515396075526,7
1255,ad403726925824,7
1256,ad335007449113,7
1257,ad120259084322,7
1258,ad1176821039104,7
1259,ad472446402602,7
1260,ad549755813935,7
1261,ad515396075545,7
1262,ad1090921693214,7
1263,ad1537598292024,7
1264,ad953482739730,7
1265,ad781684047880,7
1266,ad1219770712097,7
1267,ad94489280558,7
1268,ad1202590842937,7
1269,ad1262720385046,7
1270,ad953482739737,7
1271,ad249108103204,7
1272,ad1099511627776,7
1273,ad1236950581252,7
1274,ad1374389534736,7
1275,ad1348619730957,7
1276,ad1623497637940,7
1277,ad1443109011474,7
1278,ad944892805161,7
1279,ad1219770712075,7
1280,ad1340029796399,7
1281,ad70,7
1282,ad103079215133,7
1283,ad1331439861773,7
1284,ad1520418422786,7
1285,ad1408749273129,7
1286,ad1159641169940,7
1287,ad8589934593,7
1288,ad1408749273118,7
1289,ad1254130450488,7
1290,ad1279900254217,7
1291,ad1477468749842,7
1292,ad197568495680,7
1293,ad1340029796374,7
1294,ad25769803812,7
1295,ad1219770712067,7
1296,ad1262720385088,7
1297,ad1640677507125,7
1298,ad1176821039149,7
1299,ad231928233995,7
1300,ad266287972355,7
1301,ad1700807049280,7
1302,ad627065225245,7
1303,ad1262720385070,7
1304,ad1494648619052,7
1305,ad352187318296,7
1306,ad188978561080,7
1307,ad1013612281919,7
1308,ad944892805138,7
1309,ad1477468749883,7
1310,ad214748364806,7
1311,ad670014898217,7
1312,ad1606317768737,7
1313,ad549755813940,7
1314,ad755914244100,7
1315,ad1047972020263,7
1316,ad257698037783,7
1317,ad1614907703329,7
1318,ad1262720385060,7
1319,ad1271310319638,7
1320,ad1623497637923,7
1321,ad1503238553633,7
1322,ad1494648619037,6
1323,ad1503238553661,6
1324,ad833223655461,6
1325,ad1340029796368,6
1326,ad1623497637951,6
1327,ad1279900254269,6
1328,ad1340029796358,6
1329,ad764504178692,6
1330,ad1073741824026,6
1331,ad369367187512,6
1332,ad1331439861805,6
1333,ad721554505784,6
1334,ad34359738436,6
1335,ad111669149745,6
1336,ad1571958030385,6
1337,ad1675037245474,6
1338,ad240518168612,6
1339,ad154618822656,6
1340,ad154618822695,6
1341,ad1151051235352,6
1342,ad489626271782,6
1343,ad730144440342,6
1344,ad292057776190,6
1345,ad352187318336,6
1346,ad1236950581250,6
1347,ad515396075571,6
1348,ad850403524615,6
1349,ad1632087572485,6
1350,ad317827579973,6
1351,ad936302870573,6
1352,ad1709396983836,6
1353,ad369367187505,6
1354,ad1065151889444,6
1355,ad240518168585,6
1356,ad481036337184,6
1357,ad223338299398,6
1358,ad1314259992578,6
1359,ad1632087572521,6
1360,ad816043786300,6
1361,ad996432412692,6
1362,ad1245540515865,6
1363,ad1039382085645,6
1364,ad1597727834142,6
1365,ad738734374916,6
1366,ad1013612281860,6
1367,ad103079215127,6
1368,ad163208757280,6
1369,ad1168231104560,6
1370,ad695784701976,6
1371,ad85899345931,6
1372,ad1477468749878,6
1373,ad1348619730976,6
1374,ad317827579966,6
1375,ad180388626504,6
1376,ad833223655453,6
1377,ad1357209665542,6
1378,ad1194000908291,6
1379,ad1022202216453,6
1380,ad1571958030364,6
1381,ad1365799600179,6
1382,ad489626271781,6
1383,ad541165879323,6
1384,ad1477468749833,6
1385,ad867583393848,6
1386,ad1614907703301,6
1387,ad94489280568,6
1388,ad661424963602,6
1389,ad575525617678,6
1390,ad970662608947,6
1391,ad1434519076910,6
1392,ad1099511627810,6
1393,ad661424963594,6
1394,ad369367187465,6
1395,ad1005022347300,6
1396,ad1511828488203,6
1397,ad472446402574,6
1398,ad549755813888,6
1399,ad1563368095782,6
1400,ad1176821039107,6
1401,ad1546188226586,6
1402,ad1657857376287,6
1403,ad343597383723,6
1404,ad1013612281879,6
1405,ad197568495631,6
1406,ad1108101562423,6
1407,ad274877906959,6
1408,ad970662608958,6
1409,ad1443109011508,6
1410,ad824633720857,6
1411,ad652835029007,6
1412,ad764504178713,6
1413,ad1108101562385,6
1414,ad807453851703,6
1415,ad231928234050,6
1416,ad1709396983834,6
1417,ad8589934617,6
1418,ad8589934623,6
1419,ad1563368095776,6
1420,ad283467841544,6
1421,ad146028888081,6
1422,ad1537598292023,6
1423,ad1228360646720,6
1424,ad94489280567,6
1425,ad996432412717,6
1426,ad798863917093,6
1427,ad1116691496994,6
1428,ad395136991304,6
1429,ad644245094451,6
1430,ad644245094431,6
1431,ad360777252900,6
1432,ad712964571172,6
1433,ad1554778161183,6
1434,ad249108103215,6
1435,ad120259084314,6
1436,ad326417514543,6
1437,ad1460288880669,6
1438,ad721554505771,6
1439,ad1477468749867,5
1440,ad111669149702,5
1441,ad816043786243,5
1442,ad1400159338498,5
1443,ad369367187499,5
1444,ad1108101562405,5
1445,ad231928234005,5
1446,ad816043786312,5
1447,ad1271310319629,5
1448,ad335007449124,5
1449,ad919123001368,5
1450,ad901943132176,5
1451,ad618475290679,5
1452,ad1400159338543,5
1453,ad532575944744,5
1454,ad1675037245471,5
1455,ad1151051235388,5
1456,ad1245540515856,5
1457,ad704374636596,5
1458,ad876173328389,5
1459,ad798863917082,5
1460,ad1520418422808,5
1461,ad283467841600,5
1462,ad94489280564,5
1463,ad1022202216458,5
1464,ad1168231104548,5
1465,ad395136991277,5
1466,ad523986010143,5
1467,ad1185410973715,5
1468,ad481036337209,5
1469,ad223338299439,5
1470,ad206158430224,5
1471,ad1623497637950,5
1472,ad1228360646668,5
1473,ad927712935954,5
1474,ad1151051235361,5
1475,ad1494648619016,5
1476,ad34359738407,5
1477,ad1460288880647,5
1478,ad420906795013,5
1479,ad274877907006,5
1480,ad919123001355,5
1481,ad146028888106,5
1482,ad154618822679,5
1483,ad1090921693197,5
1484,ad128849018904,5
1485,ad1288490188809,5
1486,ad1159641169964,5
1487,ad1580547964958,5
1488,ad515396075567,5
1489,ad1211180777527,5
1490,ad661424963637,5
1491,ad369367187473,5
1492,ad1425929142286,5
1493,ad1632087572512,5
1494,ad309237645374,5
1495,ad584115552318,5
1496,ad274877906961,5
1497,ad1125281431573,5
1498,ad42949673014,5
1499,ad944892805153,5
1500,ad283467841598,5
1501,ad8589934600,5
1502,ad635655159854,5
1503,ad944892805183,5
1504,ad1065151889446,5
1505,ad566935683115,5
1506,ad523986010125,5
1507,ad1005022347273,5
1508,ad85899345925,5
1509,ad738734374982,5
1510,ad395136991241,5
1511,ad721554505742,5
1512,ad214748364819,5
1513,ad481036337196,5
1514,ad1486058684474,5
1515,ad858993459212,5
1516,ad292057776143,5
1517,ad292057776186,5
1518,ad1142461300750,5
1519,ad1434519076917,5
1520,ad1529008357405,5
1521,ad438086664232,5
1522,ad936302870553,5
1523,ad1013612281859,5
1524,ad257698037773,5
1525,ad197568495677,5
1526,ad773094113280,5
1527,ad1537598291991,5
1528,ad1073741824046,5
1529,ad936302870592,5
1530,ad1047972020229,5
1531,ad481036337160,5
1532,ad1254130450481,5
1533,ad944892805129,5
1534,ad1151051235351,5
1535,ad1211180777492,5
1536,ad773094113308,5
1537,ad420906795036,5
1538,ad1056561954839,5
1539,ad1537598292038,5
1540,ad1065151889442,5
1541,ad1073741824048,5
1542,ad240518168624,5
1543,ad1468878815247,5
1544,ad1460288880661,5
1545,ad1331439861776,5
1546,ad1331439861767,5
1547,ad1305670057999,5
1548,ad317827579936,5
1549,ad463856468007,5
1550,ad1202590842888,5
1551,ad816043786268,5
1552,ad1271310319672,5
1553,ad25769803786,5
1554,ad1176821039156,5
1555,ad1022202216492,5
1556,ad240518168621,5
1557,ad1692217114625,5
1558,ad1254130450476,5
1559,ad1108101562426,5
1560,ad1262720385030,5
1561,ad987842478132,5
1562,ad1468878815278,5
1563,ad1236950581251,5
1564,ad317827579970,5
1565,ad1580547964994,5
1566,ad1125281431566,5
1567,ad283467841548,5
1568,ad1202590842927,5
1569,ad884763263017,5
1570,ad936302870590,5
1571,ad463856467992,5
1572,ad1013612281867,5
1573,ad1468878815270,5
1574,ad1202590842932,5
1575,ad257698037799,5
1576,ad867583393809,5
1577,ad730144440353,4
1578,ad1529008357385,4
1579,ad1185410973732,4
1580,ad618475290668,4
1581,ad386547056667,4
1582,ad1606317768763,4
1583,ad601295421473,4
1584,ad377957122081,4
1585,ad1666447310850,4
1586,ad1468878815273,4
1587,ad1494648619048,4
1588,ad180388626485,4
1589,ad1597727834163,4
1590,ad687194767364,4
1591,ad704374636602,4
1592,ad1597727834125,4
1593,ad1297080123409,4
1594,ad1554778161168,4
1595,ad858993459266,4
1596,ad154618822694,4
1597,ad1340029796401,4
1598,ad1580547964964,4
1599,ad128849018883,4
1600,ad403726925868,4
1601,ad223338299429,4
1602,ad34359738423,4
1603,ad1640677507090,4
1604,ad1236950581296,4
1605,ad1374389534742,4
1606,ad506806140932,4
1607,ad85899345944,4
1608,ad1486058684427,4
1609,ad549755813931,4
1610,ad403726925865,4
1611,ad163208757304,4
1612,ad1219770712073,4
1613,ad1322849927201,4
1614,ad1563368095773,4
1615,ad1365799600175,4
1616,ad231928233984,4
1617,ad1529008357401,4
1618,ad944892805182,4
1619,ad1090921693211,4
1620,ad970662608941,4
1621,ad1417339207708,4
1622,ad326417514523,4
1623,ad1382979469360,4
1624,ad1546188226567,4
1625,ad635655159846,4
1626,ad214748364809,4
1627,ad670014898203,4
1628,ad25769803824,4
1629,ad1142461300769,4
1630,ad695784701952,4
1631,ad68719476737,4
1632,ad1486058684416,4
1633,ad317827579954,4
1634,ad790273982509,4
1635,ad962072674336,4
1636,ad1099511627814,4
1637,ad1142461300766,4
1638,ad240518168628,4
1639,ad1537598291982,4
1640,ad42949672997,4
1641,ad283467841561,4
1642,ad944892805170,4
1643,ad360777252940,4
1644,ad1125281431599,4
1645,ad575525617667,4
1646,ad1331439861825,4
1647,ad360777252883,4
1648,ad781684047891,4
1649,ad266287972353,4
1650,ad77309411329,4
1651,ad429496729652,4
1652,ad1090921693234,4
1653,ad1254130450470,4
1654,ad446676598822,4
1655,ad773094113309,4
1656,ad850403524645,4
1657,ad111669149703,4
1658,ad326417514503,4
1659,ad1400159338557,4
1660,ad1477468749830,4
1661,ad755914244138,4
1662,ad1477468749876,4
1663,ad1262720385041,4
1664,ad1108101562412,4
1665,ad910533066790,4
1666,ad970662608943,4
1667,ad1090921693244,4
1668,ad1039382085675,4
1669,ad1047972020260,4
1670,ad188978561074,4
1671,ad816043786290,4
1672,ad1030792151083,4
1673,ad1614907703322,4
1674,ad1305670058038,4
1675,ad867583393844,4
1676,ad790273982515,4
1677,ad292057776131,4
1678,ad1348619730949,4
1679,ad1314259992587,4
1680,ad1314259992615,4
1681,ad1597727834131,4
1682,ad1194000908301,4
1683,ad1013612281918,4
1684,ad618475290631,4
1685,ad1520418422840,4
1686,ad876173328395,4
1687,ad738734374944,4
1688,ad764504178729,4
1689,ad1047972020231,4
1690,ad1236950581306,4
1691,ad1606317768719,4
1692,ad1425929142338,4
1693,ad1022202216482,4
1694,ad515396075551,4
1695,ad1451698946105,4
1696,ad1434519076879,4
1697,ad369367187500,4
1698,ad962072674333,4
1699,ad231928234031,4
1700,ad309237645332,4
1701,ad103079215129,4
1702,ad1451698946073,4
1703,ad1168231104537,4
1704,ad609885356084,4
1705,ad1322849927170,4
1706,ad618475290669,4
1707,ad506806140963,4
1708,ad146028888101,4
1709,ad1082331758594,4
1710,ad1030792151042,4
1711,ad704374636546,4
1712,ad618475290640,4
1713,ad266287972358,4
1714,ad1683627180079,4
1715,ad1666447310891,4
1716,ad515396075558,4
1717,ad360777252916,4
1718,ad592705486907,4
1719,ad77309411373,4
1720,ad1022202216499,4
1721,ad42949672992,4
1722,ad652835029045,4
1723,ad1709396983839,4
1724,ad1417339207698,4
1725,ad1108101562386,4
1726,ad687194767389,4
1727,ad309237645331,4
1728,ad635655159816,4
1729,ad171798691884,4
1730,ad627065225253,4
1731,ad1082331758602,4
1732,ad798863917110,4
1733,ad515396075523,4
1734,ad1571958030398,4
1735,ad1185410973728,4
1736,ad1357209665545,4
1737,ad773094113312,4
1738,ad446676598812,4
1739,ad1675037245477,4
1740,ad188978561062,3
1741,ad1546188226590,3
1742,ad652835028999,3
1743,ad481036337175,3
1744,ad1022202216469,3
1745,ad901943132197,3
1746,ad1159641169963,3
1747,ad1194000908290,3
1748,ad755914244131,3
1749,ad1494648619031,3
1750,ad1434519076905,3
1751,ad335007449095,3
1752,ad1168231104515,3
1753,ad1391569403969,3
1754,ad798863917061,3
1755,ad1142461300745,3
1756,ad257698037793,3
1757,ad1571958030343,3
1758,ad17179869211,3
1759,ad1529008357406,3
1760,ad1451698946068,3
1761,ad987842478111,3
1762,ad1185410973713,3
1763,ad335007449131,3
1764,ad936302870555,3
1765,ad403726925876,3
1766,ad463856467990,3
1767,ad652835029056,3
1768,ad1133871366173,3
1769,ad292057776192,3
1770,ad360777252914,3
1771,ad1443109011462,3
1772,ad1340029796387,3
1773,ad42949672990,3
1774,ad1494648619008,3
1775,ad438086664221,3
1776,ad1666447310896,3
1777,ad335007449101,3
1778,ad68719476772,3
1779,ad987842478143,3
1780,ad944892805123,3
1781,ad910533066770,3
1782,ad523986010113,3
1783,ad1262720385080,3
1784,ad489626271767,3
1785,ad1151051235339,3
1786,ad781684047887,3
1787,ad712964571153,3
1788,ad1116691496962,3
1789,ad292057776136,3
1790,ad420906795014,3
1791,ad1133871366149,3
1792,ad1185410973727,3
1793,ad523986010119,3
1794,ad1614907703308,3
1795,ad635655159831,3
1796,ad481036337153,3
1797,ad1571958030380,3
1798,ad523986010167,3
1799,ad343597383714,3
1800,ad1108101562402,3
1801,ad919123001349,3
1802,ad824633720843,3
1803,ad584115552272,3
1804,ad1451698946084,3
1805,ad1142461300780,3
1806,ad773094113331,3
1807,ad747324309562,3
1808,ad1168231104545,3
1809,ad1597727834157,3
1810,ad1176821039119,3
1811,ad438086664210,3
1812,ad1408749273151,3
1813,ad858993459258,3
1814,ad111669149762,3
1815,ad1408749273092,3
1816,ad996432412682,3
1817,ad206158430244,3
1818,ad1486058684445,3
1819,ad1503238553638,3
1820,ad910533066779,3
1821,ad953482739719,3
1822,ad1417339207729,3
1823,ad231928233993,3
1824,ad403726925859,3
1825,ad584115552262,3
1826,ad231928233999,3
1827,ad833223655487,3
1828,ad42949673013,3
1829,ad1331439861799,3
1830,ad970662608915,3
1831,ad42949672969,3
1832,ad1228360646716,3
1833,ad1554778161167,3
1834,ad953482739742,3
1835,ad858993459217,3
1836,ad1357209665593,3
1837,ad1675037245475,3
1838,ad1194000908315,3
1839,ad816043786292,3
1840,ad1090921693238,3
1841,ad652835029032,3
1842,ad1623497637947,3
1843,ad1168231104540,3
1844,ad1640677507079,3
1845,ad764504178699,3
1846,ad936302870537,3
1847,ad635655159871,3
1848,ad1331439861812,3
1849,ad369367187456,3
1850,ad1228360646670,3
1851,ad1322849927199,3
1852,ad781684047876,3
1853,ad1709396983829,3
1854,ad1391569403913,3
1855,ad910533066772,3
1856,ad1657857376264,3
1857,ad206158430235,3
1858,ad1305670058026,3
1859,ad1614907703317,3
1860,ad180388626501,3
1861,ad25769803831,3
1862,ad60129542154,3
1863,ad438086664239,3
1864,ad1194000908336,3
1865,ad833223655463,3
1866,ad747324309542,3
1867,ad515396075538,3
1868,ad867583393840,3
1869,ad1108101562408,3
1870,ad429496729631,3
1871,ad1236950581274,3
1872,ad1090921693227,3
1873,ad884763263014,3
1874,ad833223655492,3
1875,ad661424963623,3
1876,ad1400159338545,3
1877,ad128849018912,3
1878,ad206158430267,3
1879,ad884763263025,3
1880,ad747324309550,3
1881,ad1219770712085,3
1882,ad996432412707,3
1883,ad996432412725,3
1884,ad850403524631,3
1885,ad1331439861763,3
1886,ad352187318328,3
1887,ad841813590063,3
1888,ad1322849927173,3
1889,ad180388626467,3
1890,ad163208757249,3
1891,ad77309411374,3
1892,ad472446402566,3
1893,ad523986010158,3
1894,ad1692217114654,3
1895,ad1125281431556,3
1896,ad1340029796400,3
1897,ad1477468749891,3
1898,ad1503238553607,3
1899,ad317827579908,3
1900,ad283467841562,3
1901,ad712964571189,3
1902,ad9,3
1903,ad1125281431570,3
1904,ad1382979469341,3
1905,ad1022202216485,3
1906,ad1073741824054,3
1907,ad566935683082,3
1908,ad283467841584,3
1909,ad506806140957,3
1910,ad541165879326,3
1911,ad103079215109,3
1912,ad335007449110,3
1913,ad592705486863,3
1914,ad738734374943,3
1915,ad970662608935,3
1916,ad429496729621,3
1917,ad1082331758646,3
1918,ad1649267441675,3
1919,ad1692217114650,3
1920,ad1477468749871,3
1921,ad25769803825,3
1922,ad1322849927193,3
1923,ad171798691886,3
1924,ad1520418422838,3
1925,ad1245540515888,3
1926,ad1322849927202,3
1927,ad1597727834136,3
1928,ad403726925883,3
1929,ad627065225264,3
1930,ad979252543518,3
1931,ad1151051235394,3
1932,ad1039382085653,3
1933,ad601295421444,3
1934,ad652835029050,3
1935,ad764504178742,3
1936,ad764504178730,3
1937,ad1700807049249,3
1938,ad326417514516,3
1939,ad996432412676,3
1940,ad1202590842895,3
1941,ad1477468749824,3
1942,ad695784701965,3
1943,ad377957122095,3
1944,ad1468878815272,3
1945,ad1305670058021,3
1946,ad919123001400,3
1947,ad412316860448,2
1948,ad377957122078,2
1949,ad549755813919,2
1950,ad8589934639,2
1951,ad77309411379,2
1952,ad1305670058029,2
1953,ad927712935993,2
1954,ad549755813924,2
1955,ad1340029796365,2
1956,ad970662608938,2
1957,ad1477468749890,2
1958,ad1108101562390,2
1959,ad111669149740,2
1960,ad781684047886,2
1961,ad180388626459,2
1962,ad300647710734,2
1963,ad1185410973707,2
1964,ad403726925860,2
1965,ad936302870544,2
1966,ad867583393800,2
1967,ad1271310319649,2
1968,ad377957122056,2
1969,ad884763263023,2
1970,ad773094113316,2
1971,ad472446402560,2
1972,ad1580547964932,2
1973,ad335007449129,2
1974,ad1254130450460,2
1975,ad661424963586,2
1976,ad292057776183,2
1977,ad549755813905,2
1978,ad652835028995,2
1979,ad592705486908,2
1980,ad858993459232,2
1981,ad1073741824007,2
1982,ad171798691861,2
1983,ad1443109011481,2
1984,ad395136991251,2
1985,ad1073741824023,2
1986,ad747324309537,2
1987,ad257698037800,2
1988,ad1254130450494,2
1989,ad77309411357,2
1990,ad146028888129,2
1991,ad1460288880653,2
1992,ad25769803777,2
1993,ad1666447310853,2
1994,ad386547056643,2
1995,ad1047972020294,2
1996,ad1391569403960,2
1997,ad111669149712,2
1998,ad1331439861781,2
1999,ad326417514534,2
2000,ad884763263034,2
2001,ad1494648619020,2
2002,ad1503238553613,2
2003,ad1400159338520,2
2004,ad1709396983809,2
2005,ad171798691880,2
2006,ad420906795067,2
2007,ad1382979469365,2
2008,ad1537598292002,2
2009,ad635655159830,2
2010,ad103079215152,2
2011,ad300647710757,2
2012,ad343597383683,2
2013,ad1039382085638,2
2014,ad137438953522,2
2015,ad584115552316,2
2016,ad309237645337,2
2017,ad231928234014,2
2018,ad1271310319680,2
2019,ad77309411328,2
2020,ad103079215166,2
2021,ad987842478122,2
2022,ad1425929142325,2
2023,ad266287972414,2
2024,ad1340029796417,2
2025,ad833223655457,2
2026,ad566935683093,2
2027,ad841813590053,2
2028,ad1219770712103,2
2029,ad1297080123399,2
2030,ad317827579928,2
2031,ad120259084349,2
2032,ad962072674309,2
2033,ad678604832794,2
2034,ad1125281431560,2
2035,ad833223655484,2
2036,ad1108101562401,2
2037,ad1468878815276,2
2038,ad1357209665555,2
2039,ad292057776133,2
2040,ad618475290651,2
2041,ad592705486868,2
2042,ad1168231104531,2
2043,ad970662608910,2
2044,ad1503238553622,2
2045,ad1614907703323,2
2046,ad644245094450,2
2047,ad798863917100,2
2048,ad1116691496983,2
2049,ad609885356069,2
2050,ad1632087572492,2
2051,ad455266533400,2
2052,ad1056561954819,2
2053,ad833223655500,2
2054,ad1511828488236,2
2055,ad841813590031,2
2056,ad515396075564,2
2057,ad635655159813,2
2058,ad1176821039111,2
2059,ad137438953472,2
2060,ad1589137899537,2
2061,ad197568495674,2
2062,ad1279900254266,2
2063,ad790273982512,2
2064,ad1408749273095,2
2065,ad670014898222,2
2066,ad17179869190,2
2067,ad841813590020,2
2068,ad1245540515869,2
2069,ad858993459259,2
2070,ad893353197634,2
2071,ad1005022347310,2
2072,ad824633720881,2
2073,ad163208757251,2
2074,ad773094113325,2
2075,ad661424963608,2
2076,ad850403524655,2
2077,ad566935683119,2
2078,ad386547056686,2
2079,ad738734374917,2
2080,ad274877906974,2
2081,ad1047972020239,2
2082,ad901943132175,2
2083,ad936302870561,2
2084,ad575525617690,2
2085,ad1709396983842,2
2086,ad1391569403964,2
2087,ad738734374948,2
2088,ad77309411354,2
2089,ad498216206367,2
2090,ad455266533432,2
2091,ad1262720385064,2
2092,ad283467841536,2
2093,ad730144440343,2
2094,ad764504178760,2
2095,ad206158430259,2
2096,ad283467841553,2
2097,ad695784702005,2
2098,ad300647710751,2
2099,ad687194767413,2
2100,ad274877906997,2
2101,ad867583393841,2
2102,ad1073741824034,2
2103,ad523986010117,2
2104,ad1065151889454,2
2105,ad1108101562396,2
2106,ad257698037824,2
2107,ad1305670057991,2
2108,ad1623497637897,2
2109,ad1683627180037,2
2110,ad944892805150,2
2111,ad755914244118,2
2112,ad317827579969,2
2113,ad51539607564,2
2114,ad781684047902,2
2115,ad773094113315,2
2116,ad120259084317,2
2117,ad1322849927187,2
2118,ad1391569403951,2
2119,ad8589934632,2
2120,ad1408749273089,2
2121,ad1683627180071,2
2122,ad1331439861790,2
2123,ad472446402598,2
2124,ad695784701978,2
2125,ad317827579929,2
2126,ad584115552275,2
2127,ad910533066799,2
2128,ad1047972020232,2
2129,ad609885356046,2
2130,ad1297080123435,2
2131,ad412316860444,2
2132,ad309237645346,2
2133,ad386547056650,2
2134,ad1082331758614,2
2135,ad197568495669,2
2136,ad798863917101,2
2137,ad858993459216,2
2138,ad1451698946101,2
2139,ad317827579953,2
2140,ad309237645360,2
2141,ad1013612281891,2
2142,ad1065151889426,2
2143,ad592705486915,2
2144,ad910533066757,2
2145,ad1176821039120,2
2146,ad575525617707,2
2147,ad1571958030370,2
2148,ad472446402585,2
2149,ad352187318335,2
2150,ad1108101562393,2
2151,ad6,2
2152,ad695784701990,2
2153,ad274877906983,2
2154,ad1486058684422,2
2155,ad644245094456,2
2156,ad171798691903,2
2157,ad335007449127,2
2158,ad498216206393,2
2159,ad343597383742,2
2160,ad326417514500,2
2161,ad266287972364,2
2162,ad558345748503,2
2163,ad807453851692,2
2164,ad970662608924,2
2165,ad1486058684477,2
2166,ad584115552271,2
2167,ad1451698946083,2
2168,ad1056561954871,2
2169,ad1279900254216,2
2170,ad1546188226596,2
2171,ad1082331758652,2
2172,ad1640677507072,2
2173,ad1460288880691,2
2174,ad1486058684476,2
2175,ad1666447310905,2
2176,ad730144440344,2
2177,ad1090921693195,2
2178,ad8589934631,2
2179,ad1271310319644,2
2180,ad25769803830,2
2181,ad807453851704,2
2182,ad77309411382,2
2183,ad1443109011484,2
2184,ad1408749273093,2
2185,ad962072674358,2
2186,ad231928233991,2
2187,ad326417514546,2
2188,ad128849018931,2
2189,ad1305670058036,2
2190,ad1254130450484,2
2191,ad1254130450490,2
2192,ad1116691497011,2
2193,ad1013612281872,2
2194,ad1597727834132,2
2195,ad326417514540,2
2196,ad738734374926,2
2197,ad240518168615,2
2198,ad824633720833,2
2199,ad1151051235336,2
2200,ad8589934620,2
2201,ad1099511627816,2
2202,ad1632087572510,2
2203,ad1254130450450,2
2204,ad146028888123,2
2205,ad352187318281,2
2206,ad1073741824044,2
2207,ad1451698946080,2
2208,ad962072674308,2
2209,ad103079215156,2
2210,ad850403524636,2
2211,ad773094113302,2
2212,ad1236950581254,2
2213,ad1133871366145,2
2214,ad1211180777538,2
2215,ad712964571148,2
2216,ad395136991232,2
2217,ad1477468749880,2
2218,ad558345748502,2
2219,ad1202590842898,2
2220,ad335007449118,2
2221,ad489626271769,2
2222,ad274877906977,2
2223,ad506806140945,2
2224,ad1623497637924,2
2225,ad231928233989,2
2226,ad17179869197,2
2227,ad412316860453,2
2228,ad1597727834127,2
2229,ad670014898219,2
2230,ad1563368095775,2
2231,ad1400159338563,1
2232,ad1202590842917,1
2233,ad489626271749,1
2234,ad1314259992600,1
2235,ad712964571154,1
2236,ad773094113297,1
2237,ad1571958030342,1
2238,ad575525617699,1
2239,ad592705486910,1
2240,ad884763263003,1
2241,ad1305670058050,1
2242,ad807453851662,1
2243,ad979252543520,1
2244,ad962072674307,1
2245,ad1065151889462,1
2246,ad1374389534763,1
2247,ad146028888105,1
2248,ad188978561032,1
2249,ad661424963607,1
2250,ad627065225247,1
2251,ad94489280566,1
2252,ad1486058684444,1
2253,ad1236950581303,1
2254,ad300647710735,1
2255,ad1537598292017,1
2256,ad549755813939,1
2257,ad463856467978,1
2258,ad601295421498,1
2259,ad566935683114,1
2260,ad111669149733,1
2261,ad1468878815255,1
2262,ad335007449136,1
2263,ad764504178689,1
2264,ad1305670057985,1
2265,ad1211180777473,1
2266,ad506806140971,1
2267,ad927712935942,1
2268,ad257698037789,1
2269,ad369367187497,1
2270,ad438086664206,1
2271,ad816043786274,1
2272,ad146028888111,1
2273,ad1374389534722,1
2274,ad1314259992596,1
2275,ad386547056677,1
2276,ad1675037245494,1
2277,ad455266533423,1
2278,ad704374636557,1
2279,ad240518168591,1
2280,ad979252543538,1
2281,ad1125281431582,1
2282,ad352187318305,1
2283,ad1056561954862,1
2284,ad1503238553642,1
2285,ad884763262994,1
2286,ad274877906945,1
2287,ad343597383705,1
2288,ad403726925875,1
2289,ad1623497637920,1
2290,ad1709396983808,1
2291,ad1245540515847,1
2292,ad489626271770,1
2293,ad1709396983844,1
2294,ad1563368095761,1
2295,ad876173328448,1
2296,ad352187318300,1
2297,ad395136991271,1
2298,ad687194767376,1
2299,ad1460288880667,1
2300,ad927712935982,1
2301,ad231928234010,1
2302,ad343597383681,1
2303,ad919123001395,1
2304,ad326417514547,1
2305,ad755914244130,1
2306,ad34359738373,1
2307,ad841813590079,1
2308,ad1580547964955,1
2309,ad1391569403905,1
2310,ad146028888126,1
2311,ad214748364832,1
2312,ad223338299407,1
2313,ad1099511627826,1
2314,ad1623497637948,1
2315,ad1322849927198,1
2316,ad120259084319,1
2317,ad1408749273102,1
2318,ad1632087572517,1
2319,ad429496729627,1
2320,ad412316860456,1
2321,ad1451698946055,1
2322,ad996432412702,1
2323,ad1245540515841,1
2324,ad1683627180091,1
2325,ad1709396983850,1
2326,ad1228360646665,1
2327,ad1082331758603,1
2328,ad652835029023,1
2329,ad584115552256,1
2330,ad1271310319628,1
2331,ad893353197590,1
2332,ad1288490188843,1
2333,ad395136991268,1
2334,ad919123001370,1
2335,ad300647710774,1
2336,ad549755813927,1
2337,ad1649267441705,1
2338,ad1340029796364,1
2339,ad1176821039109,1
2340,ad635655159835,1
2341,ad798863917078,1
2342,ad1683627180052,1
2343,ad1529008357419,1
2344,ad584115552288,1
2345,ad1357209665569,1
2346,ad120259084335,1
2347,ad816043786313,1
2348,ad584115552285,1
2349,ad764504178759,1
2350,ad1709396983863,1
2351,ad154618822658,1
2352,ad317827579905,1
2353,ad884763263038,1
2354,ad257698037809,1
2355,ad987842478116,1
2356,ad566935683116,1
2357,ad1176821039138,1
2358,ad68719476752,1
2359,ad360777252888,1
2360,ad712964571158,1
2361,ad1357209665536,1
2362,ad17179869212,1
2363,ad1606317768740,1
2364,ad1571958030347,1
2365,ad618475290624,1
2366,ad1314259992622,1
2367,ad893353197621,1
2368,ad1571958030383,1
2369,ad1571958030337,1
2370,ad1254130450464,1
2371,ad1348619730983,1
2372,ad1022202216476,1
2373,ad730144440338,1
2374,ad472446402610,1
2375,ad386547056669,1
2376,ad1030792151072,1
2377,ad1099511627789,1
2378,ad1554778161177,1
2379,ad712964571188,1
2380,ad833223655434,1
2381,ad876173328411,1
2382,ad1382979469326,1
2383,ad395136991258,1
2384,ad1623497637906,1
2385,ad1151051235353,1
2386,ad1692217114671,1
2387,ad867583393819,1
2388,ad146028888075,1
2389,ad1606317768752,1
2390,ad360777252874,1
2391,ad1151051235364,1
2392,ad1279900254222,1
2393,ad1194000908298,1
2394,ad171798691847,1
2395,ad867583393820,1
2396,ad901943132186,1
2397,ad1039382085652,1
2398,ad867583393802,1
2399,ad1245540515857,1
2400,ad1649267441715,1
2401,ad566935683126,1
2402,ad678604832812,1
2403,ad790273982492,1
2404,ad1151051235368,1
2405,ad1503238553640,1
2406,ad884763263028,1
2407,ad1365799600157,1
2408,ad498216206381,1
2409,ad1529008357383,1
2410,ad1468878815269,1
2411,ad111669149747,1
2412,ad1090921693189,1
2413,ad94489280546,1
2414,ad1194000908342,1
2415,ad1546188226588,1
2416,ad1503238553609,1
2417,ad154618822696,1
2418,ad541165879335,1
2419,ad274877906964,1
2420,ad678604832798,1
2421,ad1700807049252,1
2422,ad1408749273104,1
2423,ad231928234016,1
2424,ad661424963604,1
2425,ad1133871366188,1
2426,ad51539607570,1
2427,ad223338299445,1
2428,ad1005022347281,1
2429,ad1254130450443,1
2430,ad1262720385068,1
2431,ad1159641169974,1
2432,ad730144440331,1
2433,ad188978561078,1
2434,ad1254130450475,1
2435,ad335007449140,1
2436,ad1417339207728,1
2437,ad1486058684447,1
2438,ad1348619730994,1
2439,ad1357209665553,1
2440,ad128849018880,1
2441,ad1460288880651,1
2442,ad953482739717,1
2443,ad240518168599,1
2444,ad781684047894,1
2445,ad893353197638,1
2446,ad970662608917,1
2447,ad1047972020283,1
2448,ad489626271763,1
2449,ad1030792151092,1
2450,ad549755813937,1
2451,ad1546188226625,1
2452,ad1606317768718,1
2453,ad1537598292037,1
2454,ad103079215112,1
2455,ad876173328394,1
2456,ad94489280536,1
2457,ad395136991240,1
2458,ad214748364857,1
2459,ad781684047915,1
2460,ad1013612281864,1
2461,ad1288490188811,1
2462,ad60129542181,1
2463,ad154618822677,1
2464,ad1348619730962,1
2465,ad584115552298,1
2466,ad34359738431,1
2467,ad618475290687,1
2468,ad360777252880,1
2469,ad592705486860,1
2470,ad1228360646708,1
2471,ad292057776150,1
2472,ad257698037805,1
2473,ad120259084348,1
2474,ad541165879324,1
2475,ad94489280523,1
2476,ad704374636582,1
2477,ad1511828488221,1
2478,ad1666447310871,1
2479,ad214748364813,1
2480,ad34359738391,1
2481,ad1657857376302,1
2482,ad42949672971,1
2483,ad670014898229,1
2484,ad936302870541,1
2485,ad292057776147,1
2486,ad1597727834129,1
2487,ad1065151889423,1
2488,ad94489280544,1
2489,ad1202590842911,1
2490,ad1408749273127,1
2491,ad1374389534744,1
2492,ad687194767388,1
2493,ad1614907703319,1
2494,ad1185410973723,1
2495,ad970662608946,1
2496,ad403726925878,1
2497,ad1692217114670,1
2498,ad1675037245491,1
2499,ad1529008357428,1
2500,ad309237645373,1
2501,ad1546188226595,1
2502,ad1202590842934,1
2503,ad592705486917,1
2504,ad463856467987,1
2505,ad386547056657,1
2506,ad1305670058044,1
2507,ad833223655491,1
2508,ad1357209665581,1
2509,ad343597383684,1
2510,ad1554778161171,1
2511,ad1357209665557,1
2512,ad1683627180053,1
2513,ad1073741824015,1
2514,ad1194000908343,1
2515,ad1554778161170,1
2516,ad1271310319640,1
2517,ad910533066764,1
2518,ad1477468749831,1
2519,ad635655159810,1
2520,ad1185410973726,1
2521,ad34359738375,1
2522,ad1176821039163,1
2523,ad1468878815274,1
2524,ad240518168625,1
2525,ad558345748486,1
2526,ad171798691896,1
2527,ad206158430215,1
2528,ad377957122075,1
2529,ad1005022347283,1
2530,ad1675037245460,1
2531,ad1692217114641,1
2532,ad824633720849,1
2533,ad1700807049292,1
2534,ad858993459223,1
2535,ad16,1
2536,ad549755813934,1
2537,ad1365799600146,1
2538,ad755914244139,1
2539,ad1279900254249,1
2540,ad1211180777503,1
2541,ad833223655425,1
2542,ad420906795065,1
2543,ad1391569403968,1
2544,ad867583393799,1
2545,ad403726925853,1
2546,ad635655159859,1
2547,ad1348619730977,1
2548,ad1202590842899,1
2549,ad592705486885,1
2550,ad300647710768,1
2551,ad1520418422825,1
2552,ad738734374955,1
2553,ad592705486871,1
2554,ad730144440369,1
2555,ad618475290682,1
2556,ad360777252884,1
2557,ad446676598829,1
2558,ad1640677507132,1
2559,ad1632087572502,1
2560,ad65,1
2561,ad171798691859,1
2562,ad1211180777482,1
2563,ad1005022347291,1
2564,ad867583393812,1
2565,ad163208757306,1
2566,ad395136991255,1
2567,ad1597727834133,1
2568,ad1468878815277,1
2569,ad927712935997,1
2570,ad292057776163,1
2571,ad1022202216449,1
2572,ad1340029796394,1
2573,ad1005022347302,1
2574,ad987842478096,1
2575,ad446676598787,1
2576,ad670014898202,1
2577,ad704374636607,1
2578,ad1700807049242,1
2579,ad420906795073,1
2580,ad1159641169979,1
2581,ad1425929142328,1
2582,ad1408749273149,1
2583,ad360777252907,1
2584,ad1348619730985,1
2585,ad489626271747,1
2586,ad1451698946064,1
2587,ad1142461300778,1
2588,ad1460288880692,1
2589,ad1640677507121,1
2590,ad1520418422839,1
2591,ad21,1
2592,ad1460288880688,1
2593,ad773094113298,1
2594,ad1090921693193,1
2595,ad1709396983823,1
2596,ad489626271744,1
2597,ad1666447310921,1
2598,ad1408749273123,1
2599,ad678604832803,1
2600,ad1236950581302,1
2601,ad51539607584,1
2602,ad429496729630,1
2603,ad51539607557,1
2604,ad996432412688,1
2605,ad1675037245487,1
2606,ad824633720894,1
2607,ad360777252931,1
2608,ad180388626474,1
2609,ad292057776170,1
2610,ad1288490188839,1
2611,ad377957122077,1
2612,ad34359738394,1
2613,ad1056561954840,1
2614,ad1597727834159,1
2615,ad919123001373,1
2616,ad1580547964988,1
2617,ad1571958030350,1
2618,ad566935683120,1
2619,ad481036337180,1
2620,ad438086664230,1
2621,ad1425929142288,1
2622,ad240518168622,1
2623,ad455266533391,1
2624,ad816043786258,1
2625,ad1236950581288,1
2626,ad214748364839,1
2627,ad180388626440,1
2628,ad627065225255,1
2629,ad1365799600177,1
2630,ad764504178749,1
2631,ad987842478095,1
2632,ad764504178746,1
2633,ad1219770712066,1
2634,ad1125281431594,1
2635,ad1022202216511,1
2636,ad541165879313,1
2637,ad1597727834146,1
2638,ad60129542161,1
2639,ad1529008357431,1
2640,ad747324309510,1
2641,ad1537598292032,1
2642,ad1580547964960,1
2643,ad927712935940,1
2644,ad214748364801,1
2645,ad979252543551,1
2646,ad867583393806,1
2647,ad1675037245479,1
2648,ad876173328385,1
2649,ad1116691496961,1
2650,ad17179869200,1
2651,ad841813590043,1
2652,ad704374636590,1
2653,ad1176821039165,1
2654,ad1271310319648,1
2655,ad1571958030354,1
