,id,count
0,session68719476737,194
1,session1451698946077,160
2,session1142461300815,148
3,session94489280611,123
4,session755914244115,116
5,session498216206378,108
6,session1683627180036,104
7,session1374389534771,102
8,session17179869219,99
9,session987842478117,96
10,session438086664211,95
11,session627065225289,92
12,session103079215178,88
13,session712964571219,87
14,session1614907703315,86
15,session876173328405,86
16,session893353197601,86
17,session395136991274,84
18,session1142461300749,84
19,session1159641170009,83
20,session953482739780,81
21,session558345748504,79
22,session1357209665543,77
23,session747324309527,77
24,session180388626432,73
25,session721554505768,73
26,session1357209665538,73
27,session137438953536,72
28,session1013612281912,72
29,session523986010197,72
30,session************,72
31,session1288490188836,71
32,session1563368095753,70
33,session85899345928,69
34,session68719476757,68
35,session377957122065,68
36,session884763262986,68
37,session146028888110,67
38,session360777252879,67
39,session223338299402,67
40,session609885356040,66
41,session1692217114643,66
42,session42949672998,66
43,session738734374926,65
44,session627065225248,65
45,session85899345954,64
46,session712964571173,63
47,session481036337154,63
48,session1675037245469,62
49,session532575944766,62
50,session1589137899611,62
51,session678604832828,61
52,session1434519076906,60
53,session523986010188,60
54,session180388626491,60
55,session1468878815243,60
56,session1700807049259,59
57,session575525617707,59
58,session1451698946057,59
59,session197568495706,58
60,session953482739728,58
61,session94489280532,58
62,session1279900254260,58
63,session137438953513,58
64,session120259084295,58
65,session1013612281906,58
66,session1614907703336,58
67,session712964571209,58
68,session1486058684446,58
69,session240518168612,57
70,session154618822704,57
71,session627065225293,57
72,session1056561954889,57
73,session77309411351,57
74,session231928234018,56
75,session970662608923,56
76,session1391569403925,56
77,session1271310319651,56
78,session807453851696,56
79,session987842478081,55
80,session317827579955,55
81,session309237645370,55
82,session1022202216463,55
83,session1546188226637,55
84,session171798691914,55
85,session609885356083,54
86,session197568495716,54
87,session386547056667,54
88,session326417514541,54
89,session1065151889470,53
90,session51539607624,53
91,session103079215108,53
92,session1090921693218,53
93,session17179869201,53
94,session1099511627789,52
95,session223338299467,52
96,session1340029796409,51
97,session188978561064,51
98,session1065151889445,51
99,session1408749273159,51
100,session575525617702,51
101,session1022202216493,50
102,session876173328424,50
103,session137438953545,50
104,session1657857376326,50
105,session1460288880695,50
106,session652835029058,49
107,session944892805143,49
108,session532575944719,49
109,session884763263062,49
110,session163208757262,49
111,session214748364834,49
112,session1520418422838,49
113,session85899345988,49
114,session824633720832,48
115,session1357209665589,48
116,session584115552293,48
117,session515396075539,48
118,session549755813899,48
119,session532575944759,48
120,session884763263014,47
121,session1357209665586,47
122,session1116691497014,47
123,session1468878815255,46
124,session919123001353,46
125,session103079215139,46
126,session1082331758603,46
127,session970662608939,46
128,session146028888092,46
129,session1468878815268,46
130,session1022202216469,45
131,session429496729674,45
132,session764504178767,45
133,session1133871366206,45
134,session472446402641,45
135,session274877907042,45
136,session601295421493,45
137,session970662608911,45
138,session1271310319675,44
139,session377957122079,44
140,session953482739782,44
141,session1348619730994,44
142,session31,44
143,session1700807049286,44
144,session283467841604,44
145,session60129542202,43
146,session884763262984,43
147,session1468878815253,43
148,session309237645343,43
149,session60129542197,43
150,session1580547964967,43
151,session1614907703366,42
152,session962072674318,42
153,session240518168631,42
154,session1133871366181,42
155,session1391569403937,42
156,session17179869214,42
157,session1073741824057,42
158,session781684047883,42
159,session103079215149,41
160,session1400159338553,41
161,session1322849927178,41
162,session42949673046,41
163,session60129542215,41
164,session781684047937,41
165,session1546188226593,41
166,session420906795078,41
167,session17179869195,40
168,session1219770712097,40
169,session652835029064,40
170,session489626271816,40
171,session1520418422802,40
172,session609885356116,40
173,session1382979469394,40
174,session876173328384,40
175,session927712935963,40
176,session1511828488247,40
177,session42949672975,40
178,session1503238553658,39
179,session309237645348,39
180,session1125281431606,39
181,session1391569403972,39
182,session506806140950,39
183,session1236950581291,39
184,session1554778161172,39
185,session712964571206,39
186,session85899345983,39
187,session386547056675,39
188,session1589137899559,39
189,session1005022347338,39
190,session773094113311,39
191,session1700807049299,39
192,session1425929142307,38
193,session1460288880659,38
194,session1614907703357,38
195,session876173328455,38
196,session1503238553625,38
197,session704374636588,38
198,session1606317768735,38
199,session455266533466,38
200,session893353197639,38
201,session721554505771,38
202,session730144440346,37
203,session438086664271,37
204,session1314259992615,37
205,session687194767410,37
206,session128849018971,37
207,session1400159338547,37
208,session755914244104,37
209,session1640677507141,37
210,session901943132178,37
211,session1571958030342,37
212,session395136991237,37
213,session42949673042,37
214,session1073741824080,37
215,session1477468749841,37
216,session1185410973778,37
217,session876173328388,36
218,session541165879331,36
219,session1022202216451,36
220,session1434519076874,36
221,session1314259992602,36
222,session661424963613,36
223,session884763262978,36
224,session1168231104571,36
225,session1125281431607,36
226,session730144440386,36
227,session249108103177,36
228,session1013612281885,36
229,session549755813902,36
230,session1494648619074,36
231,session1554778161165,36
232,session575525617730,36
233,session738734374934,36
234,session549755813936,36
235,session506806140962,36
236,session601295421497,36
237,session584115552288,35
238,session1511828488230,35
239,session80,35
240,session1271310319620,35
241,session1408749273107,35
242,session798863917140,35
243,session755914244120,35
244,session1554778161158,35
245,session1400159338525,35
246,session223338299466,35
247,session15,35
248,session1657857376306,35
249,session42949673037,35
250,session498216206402,35
251,session1005022347358,35
252,session824633720884,34
253,session163208757280,34
254,session463856468016,34
255,session1580547964949,34
256,session197568495644,34
257,session712964571144,34
258,session103079215165,34
259,session377957122126,34
260,session1013612281857,34
261,session1434519076877,34
262,session197568495624,34
263,session197568495723,34
264,session764504178761,34
265,session1468878815251,34
266,session807453851690,33
267,session927712936016,33
268,session360777252896,33
269,session257698037823,33
270,session1073741824038,33
271,session1657857376324,33
272,session1168231104562,33
273,session1056561954835,33
274,session678604832785,33
275,session1236950581273,33
276,session566935683139,33
277,session867583393840,33
278,session1039382085633,33
279,session206158430256,33
280,session154618822733,33
281,session575525617689,33
282,session1408749273098,33
283,session1211180777555,33
284,session970662608924,33
285,session455266533395,32
286,session1039382085645,32
287,session1039382085715,32
288,session1382979469326,32
289,session850403524639,32
290,session1589137899533,32
291,session558345748576,32
292,session1142461300780,32
293,session103079215116,32
294,session438086664203,32
295,session214748364844,32
296,session627065225222,32
297,session755914244109,32
298,session523986010163,32
299,session180388626461,32
300,session1417339207707,32
301,session1683627180074,32
302,session1494648619022,32
303,session1589137899620,32
304,session60129542211,32
305,session755914244146,31
306,session833223655483,31
307,session197568495647,31
308,session764504178699,31
309,session1108101562385,31
310,session231928233984,31
311,session704374636569,31
312,session377957122068,31
313,session833223655436,31
314,session1228360646721,31
315,session34359738402,31
316,session1486058684430,31
317,session1537598292016,31
318,session541165879368,31
319,session317827579905,31
320,session1340029796370,31
321,session850403524620,31
322,session1047972020275,31
323,session1546188226648,31
324,session360777252877,31
325,session111669149729,31
326,session1168231104560,31
327,session687194767439,31
328,session94489280533,31
329,session1468878815239,31
330,session944892805172,31
331,session687194767360,31
332,session944892805199,31
333,session249108103235,31
334,session1202590842941,31
335,session1468878815234,31
336,session635655159882,31
337,session274877907007,31
338,session661424963614,31
339,session635655159821,31
340,session94489280515,30
341,session1571958030378,30
342,session652835029021,30
343,session1245540515880,30
344,session154618822663,30
345,session326417514510,30
346,session1090921693258,30
347,session266287972404,30
348,session498216206360,30
349,session944892805156,30
350,session1417339207702,30
351,session618475290645,30
352,session962072674380,30
353,session1666447310863,30
354,session163208757268,30
355,session352187318327,30
356,session1511828488199,30
357,session128849018968,30
358,session644245094441,30
359,session180388626457,30
360,session369367187519,30
361,session678604832854,30
362,session1202590842927,30
363,session1374389534739,29
364,session1022202216464,29
365,session1030792151097,29
366,session1580547964976,29
367,session575525617680,29
368,session1305670058044,29
369,session566935683121,29
370,session1408749273115,29
371,session1417339207711,29
372,session146028888068,29
373,session94489280543,29
374,session953482739749,29
375,session34359738397,29
376,session1133871366169,29
377,session738734374936,29
378,session824633720863,29
379,session326417514540,29
380,session231928234017,29
381,session300647710806,29
382,session1374389534734,29
383,session1640677507099,29
384,session1090921693192,29
385,session1563368095837,29
386,session523986010116,29
387,session867583393805,29
388,session1194000908299,29
389,session1546188226640,29
390,session721554505784,29
391,session1683627180057,29
392,session335007449097,29
393,session1279900254285,28
394,session532575944710,28
395,session807453851658,28
396,session1503238553649,28
397,session833223655456,28
398,session1331439861764,28
399,session532575944716,28
400,session678604832816,28
401,session1649267441740,28
402,session738734374986,28
403,session146028888151,28
404,session377957122103,28
405,session455266533386,28
406,session1022202216531,28
407,session446676598823,28
408,session257698037773,28
409,session532575944730,28
410,session1597727834153,28
411,session51539607576,28
412,session1288490188831,28
413,session1417339207742,28
414,session644245094479,28
415,session1460288880675,28
416,session1709396983817,28
417,session403726925837,28
418,session34359738430,28
419,session781684047945,28
420,session326417514519,28
421,session1099511627844,28
422,session970662608901,28
423,session661424963586,28
424,session592705486910,28
425,session927712936010,28
426,session1365799600140,28
427,session678604832817,28
428,session652835029019,28
429,session824633720864,28
430,session274877906978,28
431,session936302870602,28
432,session292057776163,28
433,session85899345931,28
434,session1666447310849,28
435,session317827579999,27
436,session876173328413,27
437,session1365799600168,27
438,session1331439861832,27
439,session893353197568,27
440,session1451698946058,27
441,session249108103187,27
442,session841813590089,27
443,session120259084340,27
444,session712964571155,27
445,session1194000908352,27
446,session644245094426,27
447,session446676598869,27
448,session1597727834199,27
449,session274877907052,27
450,session635655159856,27
451,session292057776180,27
452,session1683627180073,27
453,session85899345970,27
454,session1374389534732,27
455,session687194767386,27
456,session773094113332,27
457,session249108103171,27
458,session68,27
459,session472446402623,27
460,session231928233995,27
461,session1202590842947,27
462,session1065151889415,27
463,session1314259992655,27
464,session1546188226620,27
465,session549755813971,27
466,session678604832788,27
467,session377957122080,26
468,session412316860494,26
469,session1486058684423,26
470,session695784701964,26
471,session927712936022,26
472,session51539607602,26
473,session25769803827,26
474,session1022202216475,26
475,session206158430300,26
476,session1022202216481,26
477,session1176821039165,26
478,session609885356072,26
479,session798863917126,26
480,session1099511627824,26
481,session1537598292005,26
482,session627065225228,26
483,session240518168622,26
484,session472446402581,26
485,session1168231104582,26
486,session592705486925,26
487,session730144440353,26
488,session747324309536,26
489,session300647710803,26
490,session51539607570,26
491,session498216206373,26
492,session644245094460,26
493,session1297080123416,26
494,session8589934664,26
495,session1417339207716,26
496,session274877907056,26
497,session1632087572560,26
498,session790273982475,26
499,session1211180777509,26
500,session1056561954864,26
501,session111669149755,26
502,session1511828488266,26
503,session1245540515850,26
504,session764504178729,26
505,session360777252872,26
506,session1417339207708,26
507,session274877907031,25
508,session206158430271,25
509,session644245094472,25
510,session1675037245493,25
511,session1460288880714,25
512,session1073741824060,25
513,session747324309529,25
514,session1082331758640,25
515,session1262720385060,25
516,session970662608964,25
517,session532575944743,25
518,session1133871366203,25
519,session549755813907,25
520,session541165879313,25
521,session163208757298,25
522,session223338299434,25
523,session94489280568,25
524,session352187318322,25
525,session154618822719,25
526,session953482739750,25
527,session1176821039171,25
528,session1005022347276,25
529,session833223655473,25
530,session841813590017,25
531,session1133871366179,25
532,session1288490188865,25
533,session1133871366174,25
534,session1468878815267,25
535,session1571958030377,25
536,session979252543525,25
537,session575525617705,25
538,session962072674384,25
539,session953482739762,25
540,session249108103173,25
541,session386547056717,25
542,session695784702012,25
543,session214748364807,25
544,session1614907703298,25
545,session1030792151086,25
546,session1073741824085,25
547,session764504178748,25
548,session884763263037,24
549,session1047972020234,24
550,session377957122083,24
551,session901943132187,24
552,session51539607595,24
553,session721554505743,24
554,session21,24
555,session429496729646,24
556,session1314259992577,24
557,session120259084353,24
558,session841813590041,24
559,session661424963610,24
560,session919123001386,24
561,session670014898216,24
562,session944892805149,24
563,session472446402626,24
564,session283467841616,24
565,session1116691496988,24
566,session506806140934,24
567,session884763263009,24
568,session94489280596,24
569,session979252543509,24
570,session188978561111,24
571,session274877907023,24
572,session111669149742,24
573,session1597727834138,24
574,session1434519076881,24
575,session1486058684464,24
576,session1194000908351,24
577,session1176821039135,24
578,session1477468749865,24
579,session704374636600,24
580,session1503238553691,24
581,session283467841612,24
582,session369367187499,24
583,session1597727834144,24
584,session309237645349,24
585,session558345748559,24
586,session1675037245441,24
587,session635655159832,24
588,session343597383753,24
589,session798863917135,24
590,session412316860418,24
591,session420906795085,24
592,session17179869222,24
593,session274877907050,24
594,session584115552324,24
595,session790273982510,24
596,session1408749273094,24
597,session979252543559,24
598,session936302870592,24
599,session1365799600181,24
600,session438086664225,24
601,session506806140936,24
602,session1176821039126,23
603,session592705486923,23
604,session137438953500,23
605,session60129542175,23
606,session816043786280,23
607,session695784702002,23
608,session850403524651,23
609,session300647710735,23
610,session1279900254228,23
611,session644245094483,23
612,session94489280530,23
613,session317827579945,23
614,session283467841621,23
615,session1125281431629,23
616,session1340029796394,23
617,session274877907014,23
618,session996432412689,23
619,session283467841577,23
620,session867583393866,23
621,session1254130450474,23
622,session523986010192,23
623,session1683627180119,23
624,session1228360646694,23
625,session618475290646,23
626,session764504178739,23
627,session1322849927207,23
628,session1245540515875,23
629,session1090921693212,23
630,session712964571187,23
631,session1563368095786,23
632,session1451698946123,23
633,session1357209665537,23
634,session575525617670,23
635,session240518168652,23
636,session309237645373,23
637,session515396075593,23
638,session747324309519,23
639,session790273982495,23
640,session1606317768771,23
641,session94489280557,23
642,session712964571162,23
643,session824633720873,23
644,session901943132177,23
645,session103079215191,23
646,session25769803784,23
647,session661424963658,23
648,session317827579997,23
649,session755914244177,23
650,session987842478157,23
651,session987842478101,23
652,session377957122067,23
653,session317827579939,23
654,session1254130450494,23
655,session1494648619017,23
656,session558345748506,23
657,session987842478169,22
658,session1486058684440,22
659,session721554505778,22
660,session1486058684426,22
661,session1314259992624,22
662,session360777252916,22
663,session77309411342,22
664,session455266533388,22
665,session77309411348,22
666,session377957122070,22
667,session773094113296,22
668,session575525617715,22
669,session609885356111,22
670,session463856467979,22
671,session901943132209,22
672,session1340029796405,22
673,session1425929142284,22
674,session841813590062,22
675,session463856468010,22
676,session352187318351,22
677,session1331439861803,22
678,session395136991281,22
679,session652835029045,22
680,session1675037245503,22
681,session1194000908292,22
682,session472446402607,22
683,session240518168603,22
684,session1022202216455,22
685,session910533066785,22
686,session962072674335,22
687,session1039382085710,22
688,session1589137899621,22
689,session1073741824008,22
690,session764504178769,22
691,session120259084335,22
692,session369367187485,22
693,session833223655485,22
694,session790273982478,22
695,session223338299457,22
696,session1649267441747,22
697,session360777252897,22
698,session292057776203,22
699,session223338299454,22
700,session609885356108,22
701,session283467841603,22
702,session979252543532,22
703,session1116691497021,22
704,session274877906971,22
705,session1254130450454,22
706,session1589137899596,22
707,session670014898209,21
708,session1279900254235,21
709,session644245094434,21
710,session824633720894,21
711,session910533066794,21
712,session128849018889,21
713,session481036337215,21
714,session249108103200,21
715,session927712935967,21
716,session472446402624,21
717,session77309411407,21
718,session1013612281914,21
719,session1056561954880,21
720,session807453851726,21
721,session1357209665596,21
722,session489626271757,21
723,session77309411357,21
724,session695784701992,21
725,session1159641169970,21
726,session1082331758595,21
727,session712964571176,21
728,session1683627180088,21
729,session1322849927189,21
730,session438086664256,21
731,session841813590044,21
732,session171798691898,21
733,session1082331758636,21
734,session738734374942,21
735,session1468878815278,21
736,session936302870581,21
737,session42949673047,21
738,session566935683088,21
739,session188978561077,21
740,session25769803817,21
741,session678604832811,21
742,session446676598873,21
743,session1632087572491,21
744,session300647710802,21
745,session1460288880645,21
746,session1331439861817,21
747,session335007449164,21
748,session1116691496998,21
749,session85899346003,21
750,session1194000908308,21
751,session1047972020258,21
752,session970662608952,21
753,session1692217114691,21
754,session1219770712081,21
755,session687194767397,21
756,session1194000908345,21
757,session463856467987,21
758,session1194000908334,21
759,session919123001382,21
760,session1254130450444,21
761,session652835029027,21
762,session558345748565,20
763,session420906795010,20
764,session197568495639,20
765,session1520418422841,20
766,session1030792151061,20
767,session1271310319661,20
768,session1632087572542,20
769,session549755813945,20
770,session1340029796439,20
771,session575525617742,20
772,session343597383746,20
773,session395136991283,20
774,session798863917088,20
775,session1537598291979,20
776,session644245094437,20
777,session1202590842912,20
778,session1357209665579,20
779,session661424963603,20
780,session1168231104579,20
781,session1348619731020,20
782,session841813590040,20
783,session1322849927194,20
784,session1382979469382,20
785,session927712935997,20
786,session1245540515883,20
787,session1262720385072,20
788,session455266533452,20
789,session704374636584,20
790,session231928234031,20
791,session17179869244,20
792,session1400159338507,20
793,session317827579983,20
794,session1082331758609,20
795,session627065225249,20
796,session25769803803,20
797,session1116691496975,20
798,session1005022347266,20
799,session1494648619069,20
800,session1546188226574,20
801,session1640677507108,20
802,session678604832806,20
803,session403726925843,20
804,session901943132228,20
805,session867583393842,20
806,session68719476802,20
807,session506806140968,20
808,session609885356073,20
809,session1494648619044,20
810,session858993459253,20
811,session1090921693264,20
812,session1589137899549,20
813,session1005022347280,20
814,session798863917110,20
815,session678604832813,20
816,session1279900254287,20
817,session807453851654,20
818,session1632087572547,20
819,session1022202216512,19
820,session206158430250,19
821,session1425929142322,19
822,session429496729627,19
823,session163208757283,19
824,session661424963663,19
825,session438086664273,19
826,session1211180777473,19
827,session764504178726,19
828,session575525617723,19
829,session206158430227,19
830,session438086664206,19
831,session523986010156,19
832,session1675037245475,19
833,session1511828488253,19
834,session532575944745,19
835,session1047972020235,19
836,session1434519076934,19
837,session944892805189,19
838,session919123001387,19
839,session42949673023,19
840,session1709396983874,19
841,session747324309594,19
842,session1262720385104,19
843,session1623497637903,19
844,session1692217114655,19
845,session438086664201,19
846,session171798691870,19
847,session438086664213,19
848,session541165879344,19
849,session575525617698,19
850,session317827579957,19
851,session841813590050,19
852,session1537598292009,19
853,session1503238553608,19
854,session1546188226654,19
855,session824633720904,19
856,session541165879365,19
857,session1511828488259,19
858,session1486058684416,19
859,session798863917142,19
860,session635655159844,19
861,session1400159338554,19
862,session807453851697,19
863,session77309411347,19
864,session618475290705,19
865,session764504178738,19
866,session781684047906,19
867,session1108101562395,19
868,session472446402586,19
869,session472446402576,19
870,session1494648619073,19
871,session1632087572500,19
872,session257698037792,19
873,session128849018967,19
874,session352187318317,19
875,session1228360646724,19
876,session1632087572505,18
877,session1657857376276,18
878,session1116691496990,18
879,session996432412682,18
880,session1047972020267,18
881,session944892805152,18
882,session1340029796440,18
883,session240518168639,18
884,session94489280512,18
885,session635655159873,18
886,session1013612281938,18
887,session1468878815307,18
888,session231928234032,18
889,session1546188226611,18
890,session1451698946059,18
891,session77309411371,18
892,session876173328440,18
893,session661424963602,18
894,session695784701960,18
895,session463856467995,18
896,session1159641169973,18
897,session1675037245513,18
898,session558345748544,18
899,session1211180777536,18
900,session274877907047,18
901,session128849018931,18
902,session1142461300816,18
903,session1614907703354,18
904,session833223655434,18
905,session798863917079,18
906,session377957122093,18
907,session1340029796393,18
908,session223338299455,18
909,session1022202216527,18
910,session369367187487,18
911,session17179869220,18
912,session1434519076914,18
913,session592705486912,18
914,session1589137899547,18
915,session446676598791,18
916,session652835029007,18
917,session1460288880678,18
918,session463856468046,18
919,session936302870535,18
920,session541165879363,18
921,session747324309576,18
922,session1640677507123,18
923,session1262720385033,18
924,session1365799600135,18
925,session858993459213,18
926,session790273982498,18
927,session1236950581260,18
928,session472446402593,18
929,session1322849927239,18
930,session841813590029,18
931,session1194000908314,18
932,session412316860448,18
933,session867583393814,18
934,session309237645365,18
935,session309237645392,18
936,session584115552292,18
937,session515396075575,18
938,session987842478163,18
939,session678604832850,17
940,session979252543528,17
941,session257698037811,17
942,session1666447310894,17
943,session1133871366157,17
944,session1494648619030,17
945,session326417514580,17
946,session438086664247,17
947,session1709396983865,17
948,session1236950581269,17
949,session876173328443,17
950,session1511828488225,17
951,session1460288880667,17
952,session1168231104529,17
953,session601295421465,17
954,session1597727834171,17
955,session1597727834191,17
956,session352187318288,17
957,session85899345974,17
958,session206158430226,17
959,session335007449100,17
960,session1571958030392,17
961,session730144440399,17
962,session773094113348,17
963,session1709396983846,17
964,session42949672967,17
965,session1692217114646,17
966,session103079215185,17
967,session1219770712151,17
968,session154618822685,17
969,session747324309562,17
970,session549755813934,17
971,session317827579990,17
972,session154618822735,17
973,session292057776167,17
974,session68719476818,17
975,session1451698946050,17
976,session455266533397,17
977,session1460288880679,17
978,session377957122107,17
979,session841813590093,17
980,session721554505753,17
981,session1228360646682,17
982,session352187318347,17
983,session137438953558,17
984,session1073741824001,17
985,session292057776153,17
986,session455266533390,17
987,session1228360646673,17
988,session1486058684454,17
989,session944892805179,17
990,session1546188226588,17
991,session687194767417,17
992,session1219770712093,17
993,session962072674334,17
994,session1133871366189,17
995,session609885356061,17
996,session446676598821,17
997,session51539607629,17
998,session343597383702,17
999,session1090921693184,17
1000,session730144440384,17
1001,session1005022347354,17
1002,session549755813953,17
1003,session257698037794,17
1004,session1700807049229,17
1005,session300647710744,17
1006,session575525617695,17
1007,session1657857376286,17
1008,session197568495717,17
1009,session712964571221,17
1010,session377957122106,17
1011,session1425929142341,17
1012,session1374389534744,17
1013,session747324309583,17
1014,session240518168617,17
1015,session644245094419,17
1016,session1262720385067,17
1017,session120259084302,17
1018,session1503238553684,17
1019,session609885356047,17
1020,session1417339207745,17
1021,session901943132204,17
1022,session566935683080,17
1023,session996432412719,17
1024,session1030792151093,17
1025,session627065225275,17
1026,session17179869197,17
1027,session1065151889430,17
1028,session1657857376291,17
1029,session1563368095809,17
1030,session1623497637954,17
1031,session68719476756,16
1032,session1460288880722,16
1033,session609885356065,16
1034,session128849018963,16
1035,session1133871366145,16
1036,session953482739730,16
1037,session927712935985,16
1038,session197568495713,16
1039,session85899346001,16
1040,session1159641170007,16
1041,session1580547964983,16
1042,session68719476763,16
1043,session858993459273,16
1044,session549755813980,16
1045,session1305670057993,16
1046,session231928234012,16
1047,session85899345958,16
1048,session1288490188819,16
1049,session1700807049246,16
1050,session60129542191,16
1051,session1073741824069,16
1052,session1245540515846,16
1053,session1451698946124,16
1054,session1297080123403,16
1055,session1254130450457,16
1056,session1649267441682,16
1057,session111669149758,16
1058,session730144440382,16
1059,session1692217114648,16
1060,session953482739758,16
1061,session403726925864,16
1062,session1563368095759,16
1063,session627065225235,16
1064,session515396075598,16
1065,session601295421463,16
1066,session773094113329,16
1067,session893353197572,16
1068,session867583393832,16
1069,session1099511627790,16
1070,session841813590056,16
1071,session635655159842,16
1072,session1005022347323,16
1073,session790273982515,16
1074,session42949673022,16
1075,session249108103198,16
1076,session463856467988,16
1077,session455266533398,16
1078,session1262720385034,16
1079,session1589137899528,16
1080,session1073741824062,16
1081,session1477468749834,16
1082,session498216206399,16
1083,session764504178728,16
1084,session377957122060,16
1085,session1554778161171,16
1086,session738734374919,16
1087,session420906795012,16
1088,session1039382085694,16
1089,session575525617674,16
1090,session1176821039124,16
1091,session730144440341,16
1092,session876173328457,16
1093,session85899346000,16
1094,session1666447310861,16
1095,session85899345935,16
1096,session601295421533,16
1097,session1374389534758,16
1098,session292057776200,16
1099,session1382979469312,16
1100,session163208757311,16
1101,session1709396983808,16
1102,session678604832859,16
1103,session283467841554,16
1104,session463856468028,16
1105,session1168231104593,16
1106,session601295421440,16
1107,session1082331758633,16
1108,session335007449125,16
1109,session1606317768709,16
1110,session1305670058040,16
1111,session1520418422796,16
1112,session188978561081,15
1113,session1005022347297,15
1114,session1571958030413,15
1115,session1477468749881,15
1116,session1151051235372,15
1117,session292057776227,15
1118,session1357209665560,15
1119,session575525617741,15
1120,session1554778161152,15
1121,session670014898202,15
1122,session154618822658,15
1123,session1632087572552,15
1124,session1529008357392,15
1125,session1039382085677,15
1126,session42949673004,15
1127,session979252543510,15
1128,session515396075588,15
1129,session17179869242,15
1130,session1657857376315,15
1131,session1348619730956,15
1132,session1168231104573,15
1133,session438086664193,15
1134,session936302870591,15
1135,session1529008357437,15
1136,session1563368095797,15
1137,session352187318291,15
1138,session197568495695,15
1139,session1047972020273,15
1140,session755914244180,15
1141,session644245094427,15
1142,session704374636599,15
1143,session1056561954854,15
1144,session764504178724,15
1145,session566935683159,15
1146,session412316860473,15
1147,session1537598291986,15
1148,session721554505790,15
1149,session1065151889461,15
1150,session300647710746,15
1151,session1477468749842,15
1152,session532575944717,15
1153,session755914244179,15
1154,session1571958030352,15
1155,session1709396983824,15
1156,session1443109011491,15
1157,session670014898176,15
1158,session1520418422811,15
1159,session773094113282,15
1160,session317827579978,15
1161,session1125281431575,15
1162,session1657857376334,15
1163,session171798691852,15
1164,session412316860427,15
1165,session730144440328,15
1166,session1460288880672,15
1167,session369367187465,15
1168,session420906795022,15
1169,session463856467968,15
1170,session807453851674,15
1171,session1305670058045,15
1172,session1563368095833,15
1173,session927712935943,15
1174,session438086664260,15
1175,session1511828488257,15
1176,session996432412704,15
1177,session833223655474,15
1178,session343597383704,15
1179,session1211180777554,15
1180,session489626271744,14
1181,session790273982465,14
1182,session1503238553620,14
1183,session1297080123437,14
1184,session1314259992637,14
1185,session901943132191,14
1186,session1271310319660,14
1187,session764504178688,14
1188,session72,14
1189,session1623497637928,14
1190,session566935683161,14
1191,session627065225234,14
1192,session549755813908,14
1193,session1494648619019,14
1194,session1176821039116,14
1195,session498216206362,14
1196,session1614907703323,14
1197,session858993459261,14
1198,session1597727834151,14
1199,session1554778161213,14
1200,session558345748526,14
1201,session17179869255,14
1202,session180388626493,14
1203,session1563368095829,14
1204,session575525617711,14
1205,session1425929142305,14
1206,session618475290627,14
1207,session927712935945,14
1208,session128849018944,14
1209,session962072674391,14
1210,session1511828488268,14
1211,session94489280595,14
1212,session197568495633,14
1213,session489626271780,14
1214,session214748364805,14
1215,session420906795021,14
1216,session128849018894,14
1217,session1073741824089,14
1218,session858993459287,14
1219,session94489280549,14
1220,session249108103232,14
1221,session747324309518,14
1222,session77309411354,14
1223,session1348619730982,14
1224,session962072674336,14
1225,session1374389534801,14
1226,session1159641169949,14
1227,session841813590096,14
1228,session1623497637953,14
1229,session721554505797,14
1230,session738734374930,14
1231,session1520418422862,14
1232,session1494648619021,14
1233,session1262720385105,14
1234,session17179869241,14
1235,session1391569403970,14
1236,session1425929142352,14
1237,session240518168588,14
1238,session1348619731011,14
1239,session1322849927185,14
1240,session1451698946055,14
1241,session1443109011521,14
1242,session987842478164,14
1243,session335007449111,14
1244,session601295421471,14
1245,session360777252940,14
1246,session558345748497,14
1247,session335007449114,14
1248,session721554505747,14
1249,session481036337195,14
1250,session592705486883,14
1251,session876173328456,14
1252,session223338299422,14
1253,session42949673007,14
1254,session1675037245471,14
1255,session953482739778,14
1256,session755914244155,14
1257,session712964571190,14
1258,session979252543535,14
1259,session1279900254273,14
1260,session1279900254257,14
1261,session1288490188833,14
1262,session1589137899608,14
1263,session1709396983886,14
1264,session326417514563,14
1265,session927712936003,14
1266,session1219770712106,14
1267,session292057776212,14
1268,session1065151889449,14
1269,session1202590842909,14
1270,session137438953496,14
1271,session266287972363,14
1272,session420906795044,14
1273,session240518168601,14
1274,session292057776150,14
1275,session446676598795,14
1276,session790273982547,14
1277,session51539607604,14
1278,session1039382085643,13
1279,session1400159338564,13
1280,session309237645367,13
1281,session850403524631,13
1282,session1142461300818,13
1283,session773094113342,13
1284,session1039382085632,13
1285,session962072674361,13
1286,session292057776178,13
1287,session1279900254261,13
1288,session979252543513,13
1289,session807453851693,13
1290,session146028888102,13
1291,session1013612281909,13
1292,session1108101562422,13
1293,session824633720901,13
1294,session1400159338528,13
1295,session34359738370,13
1296,session1245540515901,13
1297,session429496729692,13
1298,session352187318340,13
1299,session1494648619039,13
1300,session283467841626,13
1301,session884763263057,13
1302,session1073741824007,13
1303,session704374636549,13
1304,session1537598291969,13
1305,session1322849927183,13
1306,session652835029022,13
1307,session1039382085697,13
1308,session1451698946107,13
1309,session1314259992594,13
1310,session549755813942,13
1311,session77309411382,13
1312,session807453851711,13
1313,session987842478100,13
1314,session1125281431564,13
1315,session223338299435,13
1316,session1228360646667,13
1317,session1005022347350,13
1318,session764504178770,13
1319,session618475290666,13
1320,session231928234045,13
1321,session197568495694,13
1322,session1640677507145,13
1323,session807453851717,13
1324,session274877907055,13
1325,session575525617731,13
1326,session944892805125,13
1327,session970662608933,13
1328,session515396075553,13
1329,session1632087572548,13
1330,session816043786260,13
1331,session481036337241,13
1332,session1365799600178,13
1333,session1417339207680,13
1334,session1357209665595,13
1335,session584115552271,13
1336,session94489280599,13
1337,session94489280531,13
1338,session738734374980,13
1339,session257698037801,13
1340,session738734374944,13
1341,session1340029796410,13
1342,session884763263047,13
1343,session687194767403,13
1344,session1683627180047,13
1345,session833223655503,13
1346,session137438953556,13
1347,session438086664208,13
1348,session1468878815277,13
1349,session1675037245480,13
1350,session1623497637921,13
1351,session1709396983826,13
1352,session1571958030423,13
1353,session1254130450437,13
1354,session1460288880651,13
1355,session1597727834125,13
1356,session223338299410,13
1357,session584115552257,13
1358,session1434519076904,13
1359,session1417339207751,13
1360,session120259084343,13
1361,session566935683131,13
1362,session1125281431609,13
1363,session1090921693242,13
1364,session1537598291974,13
1365,session472446402574,13
1366,session60129542214,13
1367,session549755813915,13
1368,session1108101562372,13
1369,session515396075552,13
1370,session1614907703369,13
1371,session128849018947,13
1372,session1279900254284,13
1373,session1365799600154,13
1374,session1382979469356,13
1375,session1185410973727,13
1376,session1365799600171,13
1377,session3,13
1378,session1262720385082,13
1379,session1202590842945,13
1380,session386547056665,13
1381,session833223655482,13
1382,session1073741824067,13
1383,session498216206354,13
1384,session1108101562382,12
1385,session1331439861849,12
1386,session1228360646735,12
1387,session652835029008,12
1388,session721554505735,12
1389,session1649267441728,12
1390,session1443109011503,12
1391,session1511828488212,12
1392,session128849018903,12
1393,session609885356077,12
1394,session1683627180080,12
1395,session292057776209,12
1396,session1632087572556,12
1397,session171798691902,12
1398,session42949673045,12
1399,session1340029796411,12
1400,session618475290667,12
1401,session627065225255,12
1402,session987842478132,12
1403,session446676598864,12
1404,session128849018974,12
1405,session1443109011476,12
1406,session1580547965003,12
1407,session704374636590,12
1408,session833223655454,12
1409,session635655159845,12
1410,session1580547965004,12
1411,session627065225263,12
1412,session1709396983870,12
1413,session575525617678,12
1414,session790273982551,12
1415,session944892805206,12
1416,session1606317768730,12
1417,session1340029796430,12
1418,session1065151889435,12
1419,session60129542199,12
1420,session1039382085657,12
1421,session1151051235361,12
1422,session592705486905,12
1423,session644245094444,12
1424,session790273982517,12
1425,session1511828488220,12
1426,session85899345934,12
1427,session386547056674,12
1428,session1511828488209,12
1429,session816043786300,12
1430,session1683627180089,12
1431,session652835029074,12
1432,session335007449166,12
1433,session163208757294,12
1434,session1202590842932,12
1435,session60129542192,12
1436,session1477468749911,12
1437,session1322849927182,12
1438,session412316860451,12
1439,session1597727834154,12
1440,session1030792151081,12
1441,session962072674307,12
1442,session446676598842,12
1443,session936302870603,12
1444,session1159641169988,12
1445,session678604832770,12
1446,session188978561098,12
1447,session635655159865,12
1448,session1709396983885,12
1449,session1382979469373,12
1450,session790273982502,12
1451,session171798691840,12
1452,session919123001383,12
1453,session438086664239,12
1454,session1623497637914,12
1455,session1297080123446,12
1456,session1443109011516,12
1457,session1563368095783,12
1458,session901943132192,12
1459,session369367187486,12
1460,session755914244178,12
1461,session1468878815305,12
1462,session1374389534766,12
1463,session944892805146,12
1464,session644245094455,12
1465,session335007449118,12
1466,session300647710781,12
1467,session936302870564,12
1468,session901943132201,12
1469,session1657857376271,12
1470,session1529008357446,12
1471,session738734374968,12
1472,session670014898204,12
1473,session953482739756,12
1474,session962072674358,12
1475,session601295421477,12
1476,session1425929142358,12
1477,session893353197635,12
1478,session231928234036,12
1479,session25769803813,12
1480,session266287972368,12
1481,session704374636610,12
1482,session781684047875,12
1483,session979252543552,12
1484,session1065151889444,12
1485,session1614907703360,12
1486,session764504178759,12
1487,session1700807049279,12
1488,session1614907703368,12
1489,session652835029070,12
1490,session1168231104517,12
1491,session369367187534,12
1492,session867583393839,12
1493,session489626271774,12
1494,session661424963636,12
1495,session644245094462,12
1496,session506806140951,12
1497,session1589137899573,12
1498,session257698037778,12
1499,session1649267441664,12
1500,session884763263004,12
1501,session1700807049272,12
1502,session1340029796431,12
1503,session1022202216505,12
1504,session627065225241,12
1505,session25769803834,12
1506,session1262720385031,12
1507,session188978561047,12
1508,session661424963639,12
1509,session1331439861784,12
1510,session1005022347272,12
1511,session197568495708,12
1512,session1305670058051,11
1513,session1700807049295,11
1514,session1382979469367,11
1515,session1563368095841,11
1516,session1116691497000,11
1517,session1451698946114,11
1518,session214748364823,11
1519,session584115552296,11
1520,session1116691497018,11
1521,session60129542205,11
1522,session1511828488265,11
1523,session1486058684436,11
1524,session1305670058048,11
1525,session1692217114663,11
1526,session103079215159,11
1527,session1563368095830,11
1528,session1666447310895,11
1529,session816043786241,11
1530,session1340029796428,11
1531,session1297080123467,11
1532,session128849018938,11
1533,session1176821039199,11
1534,session1005022347303,11
1535,session343597383709,11
1536,session1563368095804,11
1537,session1546188226644,11
1538,session1314259992581,11
1539,session103079215173,11
1540,session369367187497,11
1541,session1099511627785,11
1542,session1262720385058,11
1543,session1030792151129,11
1544,session1709396983856,11
1545,session317827579930,11
1546,session1408749273133,11
1547,session627065225243,11
1548,session429496729600,11
1549,session1391569403966,11
1550,session858993459211,11
1551,session343597383737,11
1552,session635655159881,11
1553,session867583393875,11
1554,session670014898252,11
1555,session481036337207,11
1556,session747324309581,11
1557,session197568495686,11
1558,session249108103244,11
1559,session566935683148,11
1560,session1151051235383,11
1561,session26,11
1562,session1022202216518,11
1563,session292057776158,11
1564,session1099511627839,11
1565,session249108103179,11
1566,session1494648619060,11
1567,session953482739760,11
1568,session446676598871,11
1569,session1486058684434,11
1570,session68719476785,11
1571,session1331439861816,11
1572,session867583393796,11
1573,session1580547964975,11
1574,session730144440369,11
1575,session601295421495,11
1576,session1202590842911,11
1577,session369367187535,11
1578,session1700807049220,11
1579,session412316860424,11
1580,session1374389534745,11
1581,session283467841590,11
1582,session1305670057988,11
1583,session1005022347298,11
1584,session1271310319623,11
1585,session481036337186,11
1586,session1331439861842,11
1587,session1408749273135,11
1588,session188978561087,11
1589,session274877906945,11
1590,session369367187514,11
1591,session343597383751,11
1592,session738734374963,11
1593,session1133871366165,11
1594,session1116691497025,11
1595,session1013612281933,11
1596,session618475290669,11
1597,session987842478146,11
1598,session1340029796398,11
1599,session1340029796386,11
1600,session1047972020294,11
1601,session584115552311,11
1602,session807453851651,11
1603,session163208757288,11
1604,session652835029051,11
1605,session1520418422818,11
1606,session85899346009,11
1607,session1460288880671,11
1608,session644245094439,11
1609,session171798691846,11
1610,session1580547964996,11
1611,session1666447310900,11
1612,session1554778161182,11
1613,session1005022347291,11
1614,session541165879360,11
1615,session936302870613,11
1616,session541165879316,11
1617,session1005022347334,11
1618,session34359738391,11
1619,session1597727834118,11
1620,session1219770712114,11
1621,session1563368095751,11
1622,session953482739723,11
1623,session523986010144,11
1624,session884763263035,11
1625,session781684047877,11
1626,session146028888145,11
1627,session755914244153,11
1628,session618475290704,11
1629,session850403524668,11
1630,session1623497637945,11
1631,session1133871366146,11
1632,session1400159338569,11
1633,session1245540515888,11
1634,session798863917083,11
1635,session798863917115,11
1636,session858993459258,11
1637,session377957122069,11
1638,session206158430210,11
1639,session1013612281916,11
1640,session1245540515842,11
1641,session1374389534754,11
1642,session292057776143,11
1643,session1434519076884,11
1644,session326417514497,11
1645,session1692217114652,11
1646,session1022202216472,11
1647,session446676598822,11
1648,session884763263040,11
1649,session120259084329,11
1650,session1288490188852,11
1651,session1245540515891,11
1652,session1400159338537,11
1653,session214748364840,11
1654,session1417339207749,11
1655,session1589137899568,11
1656,session360777252890,11
1657,session635655159825,10
1658,session876173328420,10
1659,session1537598291984,10
1660,session833223655492,10
1661,session1563368095765,10
1662,session876173328407,10
1663,session1563368095755,10
1664,session1065151889478,10
1665,session188978561045,10
1666,session8589934644,10
1667,session231928234020,10
1668,session1494648619009,10
1669,session1262720385061,10
1670,session17179869221,10
1671,session1219770712108,10
1672,session171798691851,10
1673,session1408749273134,10
1674,session1297080123471,10
1675,session146028888076,10
1676,session1451698946129,10
1677,session601295421528,10
1678,session395136991285,10
1679,session532575944706,10
1680,session1236950581302,10
1681,session1322849927220,10
1682,session1503238553613,10
1683,session944892805154,10
1684,session1683627180105,10
1685,session1434519076887,10
1686,session335007449101,10
1687,session1297080123424,10
1688,session910533066817,10
1689,session936302870536,10
1690,session292057776193,10
1691,session283467841581,10
1692,session704374636604,10
1693,session807453851712,10
1694,session1563368095810,10
1695,session1408749273104,10
1696,session1228360646712,10
1697,session1400159338558,10
1698,session816043786315,10
1699,session790273982555,10
1700,session712964571159,10
1701,session188978561088,10
1702,session223338299413,10
1703,session154618822718,10
1704,session644245094414,10
1705,session292057776174,10
1706,session223338299459,10
1707,session455266533451,10
1708,session515396075523,10
1709,session678604832794,10
1710,session584115552304,10
1711,session1039382085640,10
1712,session781684047882,10
1713,session730144440392,10
1714,session695784701965,10
1715,session180388626439,10
1716,session1005022347335,10
1717,session1434519076905,10
1718,session1065151889443,10
1719,session996432412742,10
1720,session8589934629,10
1721,session1434519076943,10
1722,session146028888094,10
1723,session1090921693188,10
1724,session1331439861781,10
1725,session231928233992,10
1726,session979252543512,10
1727,session979252543539,10
1728,session884763263063,10
1729,session429496729614,10
1730,session1133871366185,10
1731,session910533066802,10
1732,session1279900254276,10
1733,session1451698946080,10
1734,session1400159338496,10
1735,session274877907019,10
1736,session1520418422803,10
1737,session1382979469388,10
1738,session231928234063,10
1739,session51539607628,10
1740,session8589934623,10
1741,session266287972412,10
1742,session592705486901,10
1743,session1700807049293,10
1744,session712964571185,10
1745,session541165879371,10
1746,session343597383761,10
1747,session163208757313,10
1748,session137438953489,10
1749,session34359738405,10
1750,session395136991289,10
1751,session1073741824061,10
1752,session584115552326,10
1753,session1348619730965,10
1754,session987842478170,10
1755,session1,10
1756,session438086664241,10
1757,session64,10
1758,session352187318343,10
1759,session1443109011484,10
1760,session352187318305,10
1761,session188978561105,10
1762,session1211180777492,10
1763,session1357209665620,10
1764,session1039382085672,10
1765,session188978561040,10
1766,session1623497637891,10
1767,session68719476798,10
1768,session1623497637893,10
1769,session1606317768785,10
1770,session420906795095,10
1771,session910533066823,10
1772,session1185410973764,10
1773,session85899345982,10
1774,session1365799600189,10
1775,session747324309586,10
1776,session300647710742,10
1777,session197568495629,10
1778,session1623497637931,10
1779,session876173328398,10
1780,session1709396983863,10
1781,session1477468749849,10
1782,session317827579991,10
1783,session180388626490,10
1784,session1125281431568,10
1785,session1503238553677,10
1786,session807453851677,10
1787,session8589934630,10
1788,session566935683112,10
1789,session523986010124,10
1790,session523986010140,10
1791,session266287972409,10
1792,session1520418422857,10
1793,session317827579906,10
1794,session919123001402,10
1795,session1614907703374,10
1796,session687194767394,10
1797,session60129542167,10
1798,session1382979469366,10
1799,session128849018925,10
1800,session292057776146,10
1801,session1589137899594,10
1802,session489626271761,10
1803,session1108101562375,10
1804,session420906795072,10
1805,session85899345925,9
1806,session1219770712078,9
1807,session1322849927198,9
1808,session1108101562433,9
1809,session223338299400,9
1810,session1357209665606,9
1811,session1090921693244,9
1812,session1348619730957,9
1813,session1116691496984,9
1814,session1176821039122,9
1815,session1614907703394,9
1816,session206158430305,9
1817,session403726925867,9
1818,session1649267441688,9
1819,session42949673036,9
1820,session317827579968,9
1821,session1649267441704,9
1822,session627065225292,9
1823,session1640677507118,9
1824,session1657857376335,9
1825,session1065151889426,9
1826,session1331439861840,9
1827,session335007449144,9
1828,session1065151889463,9
1829,session223338299436,9
1830,session1657857376277,9
1831,session996432412688,9
1832,session1709396983819,9
1833,session1013612281874,9
1834,session927712935955,9
1835,session85899345962,9
1836,session1082331758624,9
1837,session274877906972,9
1838,session644245094422,9
1839,session438086664200,9
1840,session1331439861845,9
1841,session343597383710,9
1842,session824633720837,9
1843,session893353197584,9
1844,session609885356089,9
1845,session704374636567,9
1846,session1314259992611,9
1847,session369367187541,9
1848,session1632087572555,9
1849,session1305670058037,9
1850,session790273982512,9
1851,session687194767379,9
1852,session1434519076923,9
1853,session489626271747,9
1854,session1494648619018,9
1855,session953482739743,9
1856,session1030792151051,9
1857,session1417339207725,9
1858,session300647710791,9
1859,session1030792151090,9
1860,session128849018969,9
1861,session1047972020257,9
1862,session1185410973760,9
1863,session1614907703389,9
1864,session1554778161186,9
1865,session678604832802,9
1866,session1185410973709,9
1867,session154618822698,9
1868,session730144440379,9
1869,session429496729644,9
1870,session953482739716,9
1871,session455266533423,9
1872,session858993459221,9
1873,session1271310319644,9
1874,session377957122125,9
1875,session1348619730975,9
1876,session1666447310929,9
1877,session910533066769,9
1878,session1477468749877,9
1879,session352187318279,9
1880,session386547056734,9
1881,session1116691496978,9
1882,session1151051235374,9
1883,session68719476774,9
1884,session1374389534804,9
1885,session996432412685,9
1886,session1529008357424,9
1887,session1692217114657,9
1888,session266287972384,9
1889,session1365799600163,9
1890,session884763263012,9
1891,session317827579985,9
1892,session1151051235364,9
1893,session695784702021,9
1894,session807453851694,9
1895,session764504178740,9
1896,session25769803852,9
1897,session1219770712089,9
1898,session695784701990,9
1899,session171798691923,9
1900,session1408749273158,9
1901,session1563368095795,9
1902,session1194000908365,9
1903,session120259084309,9
1904,session652835029054,9
1905,session901943132226,9
1906,session171798691841,9
1907,session1554778161169,9
1908,session1013612281937,9
1909,session1168231104567,9
1910,session171798691849,9
1911,session8589934640,9
1912,session429496729617,9
1913,session944892805183,9
1914,session1537598291995,9
1915,session103079215181,9
1916,session541165879329,9
1917,session292057776213,9
1918,session1108101562436,9
1919,session798863917064,9
1920,session1331439861765,9
1921,session566935683117,9
1922,session420906795069,9
1923,session42949672999,9
1924,session876173328387,9
1925,session463856467974,9
1926,session1657857376297,9
1927,session1108101562440,9
1928,session936302870610,9
1929,session446676598808,9
1930,session1262720385032,9
1931,session1529008357377,9
1932,session584115552281,9
1933,session111669149715,9
1934,session180388626469,9
1935,session893353197591,9
1936,session566935683157,9
1937,session910533066777,9
1938,session1460288880696,9
1939,session1666447310917,9
1940,session1520418422843,9
1941,session94489280589,9
1942,session807453851720,9
1943,session369367187482,9
1944,session1047972020292,9
1945,session343597383758,9
1946,session1168231104535,9
1947,session1563368095762,9
1948,session661424963649,9
1949,session644245094416,9
1950,session695784702038,9
1951,session429496729638,9
1952,session652835029047,9
1953,session1151051235404,9
1954,session455266533439,8
1955,session704374636608,8
1956,session678604832814,8
1957,session1331439861833,8
1958,session1357209665615,8
1959,session1228360646675,8
1960,session8589934608,8
1961,session695784702030,8
1962,session77309411331,8
1963,session833223655430,8
1964,session1477468749857,8
1965,session953482739779,8
1966,session446676598854,8
1967,session266287972395,8
1968,session1571958030353,8
1969,session1434519076917,8
1970,session566935683072,8
1971,session360777252901,8
1972,session738734374985,8
1973,session1176821039181,8
1974,session257698037828,8
1975,session1219770712069,8
1976,session1623497637909,8
1977,session644245094481,8
1978,session635655159872,8
1979,session1589137899614,8
1980,session1013612281901,8
1981,session773094113321,8
1982,session197568495618,8
1983,session1279900254227,8
1984,session1511828488267,8
1985,session412316860462,8
1986,session1649267441710,8
1987,session1632087572521,8
1988,session386547056666,8
1989,session1099511627801,8
1990,session1005022347292,8
1991,session1185410973736,8
1992,session274877907018,8
1993,session377957122110,8
1994,session1425929142304,8
1995,session446676598867,8
1996,session335007449092,8
1997,session704374636552,8
1998,session1623497637944,8
1999,session884763263038,8
2000,session1030792151108,8
2001,session25769803780,8
2002,session1460288880718,8
2003,session721554505731,8
2004,session1271310319678,8
2005,session816043786262,8
2006,session910533066774,8
2007,session240518168629,8
2008,session824633720859,8
2009,session77309411409,8
2010,session1236950581265,8
2011,session592705486897,8
2012,session678604832872,8
2013,session1331439861841,8
2014,session549755813905,8
2015,session420906795032,8
2016,session549755813940,8
2017,session652835028994,8
2018,session558345748529,8
2019,session1082331758675,8
2020,session1597727834164,8
2021,session1443109011501,8
2022,session429496729649,8
2023,session171798691936,8
2024,session68719476773,8
2025,session412316860456,8
2026,session970662608962,8
2027,session1108101562423,8
2028,session146028888104,8
2029,session1563368095793,8
2030,session420906795037,8
2031,session240518168592,8
2032,session575525617732,8
2033,session1116691496996,8
2034,session266287972357,8
2035,session1271310319648,8
2036,session730144440324,8
2037,session377957122064,8
2038,session1211180777503,8
2039,session1082331758621,8
2040,session429496729608,8
2041,session1683627180108,8
2042,session566935683113,8
2043,session884763262980,8
2044,session146028888082,8
2045,session1211180777501,8
2046,session1606317768727,8
2047,session455266533464,8
2048,session1288490188823,8
2049,session1228360646697,8
2050,session592705486900,8
2051,session1236950581267,8
2052,session1151051235338,8
2053,session1571958030354,8
2054,session1288490188817,8
2055,session429496729677,8
2056,session1082331758669,8
2057,session300647710786,8
2058,session240518168623,8
2059,session695784701954,8
2060,session944892805171,8
2061,session987842478147,8
2062,session1211180777516,8
2063,session300647710753,8
2064,session1211180777557,8
2065,session25769803781,8
2066,session987842478148,8
2067,session558345748521,8
2068,session747324309535,8
2069,session17179869207,8
2070,session1254130450512,8
2071,session584115552322,8
2072,session1297080123427,8
2073,session773094113326,8
2074,session489626271772,8
2075,session1683627180041,8
2076,session231928234002,8
2077,session1692217114640,8
2078,session1176821039156,8
2079,session214748364815,8
2080,session343597383705,8
2081,session249108103194,8
2082,session1305670057998,8
2083,session979252543501,8
2084,session1056561954838,8
2085,session1503238553669,8
2086,session1288490188870,8
2087,session738734374952,8
2088,session807453851705,8
2089,session1417339207757,8
2090,session1279900254212,8
2091,session472446402579,8
2092,session1400159338567,8
2093,session1666447310935,8
2094,session188978561082,8
2095,session446676598850,8
2096,session1468878815290,8
2097,session498216206338,8
2098,session506806141000,8
2099,session515396075547,8
2100,session223338299463,8
2101,session644245094470,8
2102,session1657857376340,8
2103,session1013612281891,8
2104,session566935683122,7
2105,session1400159338562,7
2106,session1288490188873,7
2107,session1589137899605,7
2108,session1022202216453,7
2109,session1090921693189,7
2110,session1623497637930,7
2111,session515396075581,7
2112,session953482739719,7
2113,session1254130450524,7
2114,session687194767362,7
2115,session1554778161200,7
2116,session1468878815254,7
2117,session68719476794,7
2118,session592705486858,7
2119,session274877906981,7
2120,session601295421481,7
2121,session609885356103,7
2122,session1477468749879,7
2123,session695784702003,7
2124,session1176821039153,7
2125,session1271310319621,7
2126,session1090921693254,7
2127,session463856467972,7
2128,session1271310319635,7
2129,session1511828488269,7
2130,session1176821039105,7
2131,session1245540515857,7
2132,session309237645388,7
2133,session1013612281863,7
2134,session1614907703322,7
2135,session627065225254,7
2136,session1288490188866,7
2137,session858993459200,7
2138,session25769803826,7
2139,session386547056737,7
2140,session1391569403971,7
2141,session738734374920,7
2142,session1589137899610,7
2143,session1125281431654,7
2144,session1400159338574,7
2145,session824633720903,7
2146,session661424963650,7
2147,session197568495631,7
2148,session266287972425,7
2149,session111669149714,7
2150,session807453851724,7
2151,session558345748541,7
2152,session197568495661,7
2153,session541165879298,7
2154,session1211180777532,7
2155,session798863917122,7
2156,session1194000908305,7
2157,session1125281431595,7
2158,session1013612281913,7
2159,session841813590032,7
2160,session1005022347366,7
2161,session773094113343,7
2162,session154618822709,7
2163,session188978561028,7
2164,session549755813968,7
2165,session798863917101,7
2166,session927712935968,7
2167,session1099511627822,7
2168,session360777252871,7
2169,session1520418422855,7
2170,session420906795043,7
2171,session515396075564,7
2172,session1365799600158,7
2173,session120259084294,7
2174,session678604832852,7
2175,session1236950581262,7
2176,session1194000908290,7
2177,session962072674317,7
2178,session377957122101,7
2179,session721554505759,7
2180,session360777252869,7
2181,session1511828488218,7
2182,session1391569403918,7
2183,session1176821039118,7
2184,session1434519076932,7
2185,session274877907059,7
2186,session1503238553668,7
2187,session317827579961,7
2188,session292057776131,7
2189,session1529008357427,7
2190,session566935683145,7
2191,session1185410973780,7
2192,session1133871366202,7
2193,session1649267441745,7
2194,session481036337159,7
2195,session1202590842929,7
2196,session1391569403933,7
2197,session1460288880710,7
2198,session1494648619055,7
2199,session1005022347322,7
2200,session541165879340,7
2201,session111669149696,7
2202,session1486058684419,7
2203,session944892805204,7
2204,session1606317768717,7
2205,session833223655504,7
2206,session1675037245467,7
2207,session1657857376282,7
2208,session94489280524,7
2209,session283467841627,7
2210,session343597383741,7
2211,session1580547965008,7
2212,session25769803820,7
2213,session472446402578,7
2214,session489626271769,7
2215,session1279900254252,7
2216,session1297080123451,7
2217,session481036337221,7
2218,session1228360646695,7
2219,session51539607557,7
2220,session790273982490,7
2221,session1176821039148,7
2222,session1675037245500,7
2223,session1443109011511,7
2224,session1176821039198,7
2225,session472446402567,7
2226,session257698037804,7
2227,session1176821039162,7
2228,session566935683152,7
2229,session1108101562408,7
2230,session1477468749830,7
2231,session1632087572515,7
2232,session1211180777481,7
2233,session798863917112,7
2234,session489626271811,7
2235,session515396075529,7
2236,session893353197642,7
2237,session386547056715,7
2238,session352187318304,7
2239,session962072674313,7
2240,session1468878815283,7
2241,session618475290701,7
2242,session644245094443,7
2243,session137438953474,7
2244,session1116691497013,7
2245,session1073741824044,7
2246,session300647710745,7
2247,session197568495670,7
2248,session798863917086,7
2249,session1262720385026,7
2250,session17179869263,7
2251,session1571958030414,7
2252,session68719476771,7
2253,session1073741824023,7
2254,session1391569403929,7
2255,session23,7
2256,session1623497637962,7
2257,session1546188226577,7
2258,session128849018954,7
2259,session1228360646679,7
2260,session1580547964946,7
2261,session1666447310941,7
2262,session1073741824013,7
2263,session240518168621,7
2264,session1159641170003,7
2265,session1236950581281,7
2266,session1700807049296,7
2267,session876173328389,7
2268,session1245540515915,7
2269,session438086664196,7
2270,session412316860417,7
2271,session498216206351,7
2272,session1425929142288,7
2273,session292057776199,7
2274,session309237645376,7
2275,session1692217114698,7
2276,session25769803825,7
2277,session386547056713,7
2278,session1082331758664,7
2279,session317827579923,7
2280,session721554505799,7
2281,session94489280570,7
2282,session1065151889459,7
2283,session781684047889,7
2284,session438086664195,7
2285,session206158430270,7
2286,session1194000908349,7
2287,session1133871366194,7
2288,session1271310319619,7
2289,session1443109011459,7
2290,session94489280517,6
2291,session412316860420,6
2292,session584115552307,6
2293,session34359738386,6
2294,session1365799600153,6
2295,session515396075596,6
2296,session120259084341,6
2297,session790273982524,6
2298,session738734374975,6
2299,session1417339207717,6
2300,session206158430247,6
2301,session867583393810,6
2302,session618475290673,6
2303,session1056561954878,6
2304,session1546188226607,6
2305,session360777252934,6
2306,session798863917068,6
2307,session670014898254,6
2308,session1288490188856,6
2309,session1030792151114,6
2310,session1151051235373,6
2311,session566935683158,6
2312,session1125281431567,6
2313,session515396075544,6
2314,session51539607568,6
2315,session858993459215,6
2316,session1357209665624,6
2317,session1322849927227,6
2318,session1348619731004,6
2319,session1065151889416,6
2320,session188978561067,6
2321,session1468878815282,6
2322,session549755813996,6
2323,session352187318280,6
2324,session335007449140,6
2325,session412316860431,6
2326,session1013612281858,6
2327,session687194767444,6
2328,session1271310319672,6
2329,session455266533417,6
2330,session773094113313,6
2331,session532575944721,6
2332,session1142461300755,6
2333,session884763263048,6
2334,session412316860457,6
2335,session1288490188801,6
2336,session944892805127,6
2337,session1340029796369,6
2338,session1108101562405,6
2339,session858993459230,6
2340,session858993459217,6
2341,session335007449170,6
2342,session1580547964942,6
2343,session1537598292040,6
2344,session927712935972,6
2345,session1537598292003,6
2346,session695784702039,6
2347,session1116691496963,6
2348,session206158430261,6
2349,session1108101562414,6
2350,session816043786314,6
2351,session1460288880688,6
2352,session77309411380,6
2353,session1657857376330,6
2354,session1434519076919,6
2355,session1254130450514,6
2356,session670014898189,6
2357,session1340029796379,6
2358,session1013612281869,6
2359,session1580547964953,6
2360,session1468878815271,6
2361,session1219770712079,6
2362,session309237645359,6
2363,session420906795020,6
2364,session1614907703305,6
2365,session1511828488200,6
2366,session120259084311,6
2367,session1254130450498,6
2368,session146028888098,6
2369,session34359738404,6
2370,session455266533384,6
2371,session386547056661,6
2372,session901943132236,6
2373,session1477468749831,6
2374,session755914244137,6
2375,session541165879354,6
2376,session197568495732,6
2377,session1159641169966,6
2378,session111669149713,6
2379,session635655159815,6
2380,session1709396983816,6
2381,session377957122115,6
2382,session919123001351,6
2383,session206158430276,6
2384,session1099511627830,6
2385,session335007449093,6
2386,session1700807049285,6
2387,session1623497637896,6
2388,session764504178711,6
2389,session455266533453,6
2390,session858993459204,6
2391,session824633720888,6
2392,session1425929142354,6
2393,session764504178702,6
2394,session678604832835,6
2395,session1529008357435,6
2396,session343597383683,6
2397,session111669149697,6
2398,session283467841555,6
2399,session498216206386,6
2400,session395136991244,6
2401,session1176821039163,6
2402,session1632087572490,6
2403,session1666447310866,6
2404,session377957122091,6
2405,session1305670058053,6
2406,session1503238553600,6
2407,session1039382085684,6
2408,session944892805134,6
2409,session51539607571,6
2410,session317827580004,6
2411,session335007449120,6
2412,session1322849927225,6
2413,session1013612281866,6
2414,session197568495680,6
2415,session919123001362,6
2416,session455266533377,6
2417,session8589934598,6
2418,session1125281431653,6
2419,session1571958030391,6
2420,session1168231104572,6
2421,session1202590842936,6
2422,session197568495714,6
2423,session1391569403968,6
2424,session566935683111,6
2425,session60129542234,6
2426,session180388626506,6
2427,session1709396983845,6
2428,session1425929142302,6
2429,session1331439861782,6
2430,session816043786310,6
2431,session1520418422786,6
2432,session1700807049217,6
2433,session300647710799,6
2434,session128849018962,6
2435,session627065225252,6
2436,session910533066791,6
2437,session1116691496982,6
2438,session60129542157,6
2439,session1271310319628,6
2440,session850403524688,6
2441,session343597383724,6
2442,session309237645363,6
2443,session644245094466,6
2444,session523986010164,6
2445,session730144440390,6
2446,session601295421505,6
2447,session60129542213,6
2448,session1030792151087,6
2449,session1434519076899,6
2450,session25769803792,6
2451,session446676598790,6
2452,session1554778161164,6
2453,session1675037245468,6
2454,session1563368095774,6
2455,session163208757324,6
2456,session274877907020,6
2457,session1236950581301,6
2458,session738734374918,6
2459,session360777252902,6
2460,session1589137899562,6
2461,session1571958030361,6
2462,session1047972020263,6
2463,session1314259992579,6
2464,session738734374984,6
2465,session601295421459,6
2466,session824633720908,6
2467,session326417514554,6
2468,session858993459214,6
2469,session979252543571,6
2470,session901943132175,6
2471,session1537598292034,6
2472,session335007449167,6
2473,session1262720385038,6
2474,session962072674344,6
2475,session266287972397,6
2476,session944892805187,6
2477,session266287972356,6
2478,session429496729602,6
2479,session1563368095772,6
2480,session523986010178,6
2481,session1013612281882,6
2482,session790273982489,6
2483,session1168231104575,6
2484,session42949672973,6
2485,session137438953515,6
2486,session446676598875,6
2487,session120259084296,6
2488,session1125281431561,6
2489,session1116691497017,6
2490,session1486058684498,6
2491,session1700807049219,6
2492,session1039382085656,6
2493,session1236950581268,6
2494,session755914244144,6
2495,session1297080123445,6
2496,session274877906955,6
2497,session1056561954905,6
2498,session1443109011470,6
2499,session1090921693257,6
2500,session1236950581255,6
2501,session1640677507127,6
2502,session1090921693268,6
2503,session566935683142,6
2504,session1554778161225,6
2505,session1597727834203,6
2506,session300647710748,6
2507,session249108103217,6
2508,session395136991257,6
2509,session1434519076929,6
2510,session266287972385,6
2511,session369367187456,6
2512,session137438953555,6
2513,session446676598820,6
2514,session987842478110,6
2515,session51539607572,5
2516,session128849018907,5
2517,session515396075524,5
2518,session223338299433,5
2519,session171798691894,5
2520,session1219770712096,5
2521,session764504178715,5
2522,session1348619730978,5
2523,session60129542226,5
2524,session764504178727,5
2525,session712964571211,5
2526,session68719476777,5
2527,session601295421531,5
2528,session1632087572519,5
2529,session850403524629,5
2530,session1434519076940,5
2531,session618475290689,5
2532,session944892805150,5
2533,session240518168583,5
2534,session1168231104546,5
2535,session1477468749869,5
2536,session1202590842918,5
2537,session1365799600128,5
2538,session1047972020256,5
2539,session627065225301,5
2540,session1271310319676,5
2541,session51539607593,5
2542,session1443109011507,5
2543,session841813590092,5
2544,session68719476788,5
2545,session549755813941,5
2546,session936302870605,5
2547,session1245540515871,5
2548,session1709396983851,5
2549,session1563368095812,5
2550,session523986010133,5
2551,session1159641169938,5
2552,session678604832866,5
2553,session670014898203,5
2554,session1090921693205,5
2555,session446676598843,5
2556,session146028888130,5
2557,session1254130450453,5
2558,session111669149698,5
2559,session274877906965,5
2560,session1133871366166,5
2561,session1322849927223,5
2562,session1460288880701,5
2563,session1108101562404,5
2564,session910533066786,5
2565,session901943132195,5
2566,session65,5
2567,session1503238553659,5
2568,session1589137899525,5
2569,session1657857376269,5
2570,session996432412726,5
2571,session120259084299,5
2572,session738734374924,5
2573,session1460288880707,5
2574,session34359738403,5
2575,session137438953498,5
2576,session309237645374,5
2577,session326417514568,5
2578,session438086664227,5
2579,session1236950581287,5
2580,session386547056645,5
2581,session850403524677,5
2582,session1511828488252,5
2583,session1614907703308,5
2584,session94489280558,5
2585,session1382979469355,5
2586,session1468878815292,5
2587,session1090921693272,5
2588,session1047972020289,5
2589,session446676598802,5
2590,session240518168658,5
2591,session867583393797,5
2592,session687194767371,5
2593,session43,5
2594,session60129542235,5
2595,session858993459254,5
2596,session1348619731013,5
2597,session944892805170,5
2598,session369367187511,5
2599,session309237645345,5
2600,session214748364842,5
2601,session472446402566,5
2602,session764504178723,5
2603,session953482739770,5
2604,session738734374932,5
2605,session1468878815242,5
2606,session850403524650,5
2607,session1322849927213,5
2608,session1700807049224,5
2609,session498216206382,5
2610,session1168231104541,5
2611,session515396075545,5
2612,session1082331758643,5
2613,session1168231104570,5
2614,session257698037816,5
2615,session1503238553686,5
2616,session1090921693201,5
2617,session326417514517,5
2618,session1563368095827,5
2619,session609885356088,5
2620,session1125281431648,5
2621,session369367187473,5
2622,session652835029016,5
2623,session343597383745,5
2624,session1211180777547,5
2625,session936302870616,5
2626,session609885356119,5
2627,session1546188226635,5
2628,session1700807049274,5
2629,session352187318308,5
2630,session876173328461,5
2631,session833223655432,5
2632,session317827579984,5
2633,session584115552276,5
2634,session1142461300807,5
2635,session1434519076865,5
2636,session1185410973779,5
2637,session68719476741,5
2638,session1056561954824,5
2639,session1537598291972,5
2640,session876173328396,5
2641,session412316860430,5
2642,session661424963645,5
2643,session515396075589,5
2644,session670014898229,5
2645,session1228360646736,5
2646,session472446402592,5
2647,session987842478171,5
2648,session755914244116,5
2649,session395136991248,5
2650,session1400159338505,5
2651,session274877906993,5
2652,session884763262998,5
2653,session1700807049300,5
2654,session17179869254,5
2655,session1297080123460,5
2656,session506806140995,5
2657,session558345748536,5
2658,session25769803830,5
2659,session627065225236,5
2660,session163208757286,5
2661,session283467841541,5
2662,session532575944747,5
2663,session128849018943,5
2664,session1348619731018,5
2665,session1056561954915,5
2666,session412316860465,5
2667,session1666447310880,5
2668,session481036337220,5
2669,session1563368095775,5
2670,session146028888119,5
2671,session876173328438,5
2672,session712964571195,5
2673,session68719476778,5
2674,session566935683106,5
2675,session274877906956,5
2676,session1623497637897,5
2677,session274877906994,5
2678,session1675037245483,4
2679,session1348619731001,4
2680,session1065151889466,4
2681,session807453851715,4
2682,session1511828488203,4
2683,session42949672981,4
2684,session1451698946062,4
2685,session876173328436,4
2686,session1254130450488,4
2687,session352187318334,4
2688,session1365799600137,4
2689,session652835029060,4
2690,session841813590065,4
2691,session326417514571,4
2692,session506806140929,4
2693,session704374636585,4
2694,session51539607580,4
2695,session944892805145,4
2696,session532575944779,4
2697,session1194000908288,4
2698,session1039382085639,4
2699,session214748364802,4
2700,session523986010159,4
2701,session549755813963,4
2702,session884763263025,4
2703,session438086664197,4
2704,session1503238553692,4
2705,session798863917072,4
2706,session549755813892,4
2707,session1477468749827,4
2708,session1683627180091,4
2709,session1142461300824,4
2710,session420906795074,4
2711,session970662608904,4
2712,session1460288880685,4
2713,session850403524680,4
2714,session1374389534727,4
2715,session343597383681,4
2716,session1649267441689,4
2717,session1623497637966,4
2718,session463856467999,4
2719,session1047972020255,4
2720,session755914244127,4
2721,session481036337152,4
2722,session850403524663,4
2723,session910533066758,4
2724,session876173328415,4
2725,session687194767450,4
2726,session618475290643,4
2727,session1692217114629,4
2728,session240518168598,4
2729,session292057776190,4
2730,session858993459242,4
2731,session523986010138,4
2732,session1305670058061,4
2733,session197568495648,4
2734,session1434519076907,4
2735,session721554505729,4
2736,session1073741824050,4
2737,session1099511627821,4
2738,session1640677507086,4
2739,session1649267441722,4
2740,session1614907703329,4
2741,session77309411344,4
2742,session51539607592,4
2743,session8589934609,4
2744,session17179869277,4
2745,session292057776148,4
2746,session652835028997,4
2747,session678604832772,4
2748,session180388626437,4
2749,session1211180777490,4
2750,session60129542171,4
2751,session1563368095745,4
2752,session8589934660,4
2753,session893353197608,4
2754,session1692217114634,4
2755,session1529008357447,4
2756,session1408749273148,4
2757,session257698037775,4
2758,session1322849927222,4
2759,session1657857376309,4
2760,session240518168653,4
2761,session1159641169923,4
2762,session231928234066,4
2763,session68719476825,4
2764,session163208757270,4
2765,session498216206383,4
2766,session1443109011475,4
2767,session77309411340,4
2768,session773094113322,4
2769,session446676598807,4
2770,session1374389534733,4
2771,session292057776195,4
2772,session412316860435,4
2773,session283467841560,4
2774,session1125281431553,4
2775,session1331439861809,4
2776,session438086664248,4
2777,session438086664252,4
2778,session274877906962,4
2779,session1606317768750,4
2780,session1425929142291,4
2781,session1614907703358,4
2782,session1262720385100,4
2783,session601295421503,4
2784,session1236950581259,4
2785,session738734374922,4
2786,session1657857376274,4
2787,session1245540515885,4
2788,session1606317768766,4
2789,session506806140939,4
2790,session1529008357417,4
2791,session300647710808,4
2792,session755914244100,4
2793,session1133871366210,4
2794,session1468878815281,4
2795,session1236950581293,4
2796,session661424963626,4
2797,session1013612281926,4
2798,session1030792151126,4
2799,session910533066795,4
2800,session858993459239,4
2801,session463856468034,4
2802,session1056561954821,4
2803,session1382979469331,4
2804,session412316860490,4
2805,session523986010180,4
2806,session489626271752,4
2807,session755914244166,4
2808,session738734374935,4
2809,session1305670058059,4
2810,session1494648619067,4
2811,session807453851699,4
2812,session1262720385054,4
2813,session240518168661,4
2814,session1228360646661,4
2815,session755914244123,4
2816,session94489280537,4
2817,session1537598291973,4
2818,session747324309532,4
2819,session103079215133,4
2820,session85899345966,4
2821,session420906795053,4
2822,session781684047878,4
2823,session901943132220,4
2824,session1468878815315,4
2825,session1597727834123,4
2826,session661424963599,4
2827,session1520418422836,4
2828,session1348619730988,4
2829,session1649267441665,4
2830,session17179869247,4
2831,session1288490188862,4
2832,session111669149754,4
2833,session764504178763,4
2834,session1022202216516,4
2835,session850403524653,4
2836,session678604832776,4
2837,session180388626477,4
2838,session687194767382,4
2839,session1382979469385,4
2840,session1176821039182,4
2841,session807453851686,4
2842,session816043786257,4
2843,session1168231104581,4
2844,session575525617751,4
2845,session111669149746,4
2846,session1529008357378,4
2847,session1640677507073,4
2848,session481036337171,4
2849,session1073741824086,4
2850,session1151051235410,4
2851,session1434519076939,4
2852,session841813590054,4
2853,session1331439861788,4
2854,session1365799600166,4
2855,session206158430219,4
2856,session764504178692,4
2857,session171798691858,4
2858,session1099511627817,4
2859,session858993459248,4
2860,session747324309537,4
2861,session1657857376323,4
2862,session566935683075,4
2863,session1082331758641,4
2864,session1176821039203,4
2865,session712964571213,4
2866,session867583393825,4
2867,session498216206372,4
2868,session34359738439,4
2869,session206158430280,4
2870,session188978561101,4
2871,session154618822700,4
2872,session661424963647,4
2873,session1039382085712,4
2874,session1434519076900,4
2875,session326417514548,4
2876,session1657857376310,4
2877,session34359738417,4
2878,session1056561954906,4
2879,session429496729688,4
2880,session1348619730974,4
2881,session1374389534817,4
2882,session584115552284,4
2883,session1202590842884,4
2884,session1580547964999,4
2885,session343597383680,4
2886,session1030792151098,4
2887,session1348619730962,4
2888,session266287972420,4
2889,session171798691861,4
2890,session1142461300792,4
2891,session609885356057,4
2892,session463856468021,4
2893,session747324309598,4
2894,session575525617714,4
2895,session515396075532,4
2896,session1314259992618,4
2897,session1657857376287,4
2898,session1683627180101,4
2899,session1657857376262,4
2900,session1279900254274,4
2901,session1563368095802,4
2902,session481036337242,4
2903,session1340029796353,4
2904,session188978561089,4
2905,session575525617686,4
2906,session1675037245506,4
2907,session1537598292012,4
2908,session274877906969,4
2909,session979252543492,4
2910,session601295421515,4
2911,session1236950581311,4
2912,session498216206353,4
2913,session128849018908,4
2914,session1082331758649,4
2915,session1022202216477,4
2916,session335007449154,4
2917,session1537598291985,4
2918,session566935683101,4
2919,session1142461300802,4
2920,session1503238553661,4
2921,session1047972020238,4
2922,session1365799600198,4
2923,session8589934596,4
2924,session1554778161170,4
2925,session652835029002,4
2926,session575525617688,4
2927,session919123001399,4
2928,session1400159338568,4
2929,session1314259992578,4
2930,session618475290674,4
2931,session549755813965,4
2932,session188978561039,4
2933,session687194767399,4
2934,session970662608951,4
2935,session1151051235334,4
2936,session34359738368,4
2937,session1589137899520,4
2938,session1176821039143,4
2939,session1614907703391,4
2940,session884763262987,4
2941,session1692217114625,4
2942,session369367187457,4
2943,session1451698946103,4
2944,session790273982537,4
2945,session51539607622,4
2946,session377957122050,4
2947,session1700807049291,4
2948,session171798691885,4
2949,session1494648619010,4
2950,session953482739714,4
2951,session566935683114,4
2952,session386547056640,4
2953,session764504178713,4
2954,session77309411414,4
2955,session592705486876,4
2956,session25769803808,4
2957,session919123001401,4
2958,session446676598836,4
2959,session652835029020,4
2960,session670014898188,4
2961,session1657857376275,4
2962,session335007449123,4
2963,session558345748481,4
2964,session841813590069,4
2965,session94489280617,4
2966,session1657857376258,4
2967,session120259084362,4
2968,session1108101562369,4
2969,session601295421525,4
2970,session360777252953,4
2971,session1417339207756,4
2972,session171798691879,4
2973,session420906795039,4
2974,session833223655444,4
2975,session1503238553638,4
2976,session1090921693261,4
2977,session635655159837,4
2978,session1451698946070,4
2979,session1589137899521,4
2980,session1185410973699,4
2981,session1331439861815,4
2982,session369367187510,4
2983,session1279900254243,4
2984,session463856468014,4
2985,session566935683105,4
2986,session996432412735,4
2987,session1331439861822,4
2988,session712964571136,4
2989,session146028888122,4
2990,session1537598291981,4
2991,session1219770712121,4
2992,session309237645334,4
2993,session1554778161191,4
2994,session747324309549,4
2995,session1176821039172,4
2996,session721554505798,4
2997,session850403524627,4
2998,session403726925841,4
2999,session1632087572512,4
3000,session1683627180038,4
3001,session1632087572481,4
3002,session1288490188810,4
3003,session1374389534816,4
3004,session592705486909,4
3005,session1666447310879,4
3006,session68719476740,4
3007,session824633720855,4
3008,session1116691496966,4
3009,session1503238553615,4
3010,session1185410973748,4
3011,session1571958030379,4
3012,session146028888066,4
3013,session635655159862,4
3014,session523986010157,4
3015,session592705486882,4
3016,session901943132188,4
3017,session1614907703318,4
3018,session1666447310885,4
3019,session609885356039,4
3020,session1400159338516,4
3021,session1623497637955,4
3022,session996432412678,4
3023,session17179869226,4
3024,session360777252937,4
3025,session910533066834,4
3026,session1425929142312,4
3027,session240518168581,4
3028,session1022202216528,4
3029,session1030792151042,4
3030,session146028888157,4
3031,session730144440366,4
3032,session747324309597,4
3033,session1614907703332,4
3034,session687194767425,3
3035,session180388626487,3
3036,session94489280566,3
3037,session438086664258,3
3038,session1185410973705,3
3039,session1357209665561,3
3040,session927712935946,3
3041,session197568495699,3
3042,session807453851722,3
3043,session592705486907,3
3044,session206158430230,3
3045,session300647710749,3
3046,session601295421458,3
3047,session790273982520,3
3048,session171798691920,3
3049,session1056561954857,3
3050,session1073741824035,3
3051,session472446402611,3
3052,session395136991246,3
3053,session549755813916,3
3054,session1580547964989,3
3055,session481036337224,3
3056,session1503238553626,3
3057,session472446402629,3
3058,session644245094459,3
3059,session85899345992,3
3060,session919123001408,3
3061,session60129542156,3
3062,session240518168576,3
3063,session1357209665556,3
3064,session446676598814,3
3065,session764504178725,3
3066,session858993459269,3
3067,session884763263023,3
3068,session1494648619062,3
3069,session532575944763,3
3070,session1443109011467,3
3071,session747324309565,3
3072,session549755813900,3
3073,session1185410973751,3
3074,session1254130450442,3
3075,session1623497637957,3
3076,session1589137899593,3
3077,session841813590030,3
3078,session1632087572525,3
3079,session25769803791,3
3080,session1228360646656,3
3081,session82,3
3082,session1606317768708,3
3083,session1657857376319,3
3084,session549755813959,3
3085,session627065225223,3
3086,session627065225266,3
3087,session1159641170002,3
3088,session712964571210,3
3089,session489626271799,3
3090,session1374389534741,3
3091,session1365799600190,3
3092,session790273982525,3
3093,session1176821039177,3
3094,session137438953486,3
3095,session687194767427,3
3096,session171798691881,3
3097,session1408749273108,3
3098,session1571958030369,3
3099,session927712936009,3
3100,session1073741824012,3
3101,session1382979469347,3
3102,session2,3
3103,session884763263002,3
3104,session1425929142351,3
3105,session910533066816,3
3106,session386547056701,3
3107,session42949672990,3
3108,session704374636555,3
3109,session455266533445,3
3110,session1133871366151,3
3111,session326417514552,3
3112,session1597727834177,3
3113,session300647710755,3
3114,session936302870596,3
3115,session798863917124,3
3116,session1374389534814,3
3117,session1271310319666,3
3118,session1348619730999,3
3119,session1365799600192,3
3120,session1159641169955,3
3121,session438086664194,3
3122,session549755813938,3
3123,session1589137899558,3
3124,session317827579926,3
3125,session1254130450458,3
3126,session8589934611,3
3127,session661424963618,3
3128,session1477468749919,3
3129,session274877907004,3
3130,session661424963629,3
3131,session360777252867,3
3132,session1357209665562,3
3133,session867583393857,3
3134,session317827579994,3
3135,session1434519076868,3
3136,session807453851660,3
3137,session120259084359,3
3138,session1546188226621,3
3139,session420906795018,3
3140,session575525617682,3
3141,session1030792151059,3
3142,session1666447310873,3
3143,session987842478151,3
3144,session266287972386,3
3145,session618475290648,3
3146,session644245094428,3
3147,session987842478174,3
3148,session1451698946086,3
3149,session833223655429,3
3150,session1005022347304,3
3151,session876173328423,3
3152,session1623497637912,3
3153,session292057776164,3
3154,session652835029028,3
3155,session1623497637937,3
3156,session1099511627783,3
3157,session214748364860,3
3158,session1640677507084,3
3159,session34359738396,3
3160,session137438953490,3
3161,session146028888148,3
3162,session1374389534772,3
3163,session1408749273116,3
3164,session652835028998,3
3165,session1400159338561,3
3166,session755914244149,3
3167,session1365799600131,3
3168,session893353197582,3
3169,session867583393838,2
3170,session1486058684481,2
3171,session1632087572509,2
3172,session987842478172,2
3173,session841813590077,2
3174,session549755813919,2
3175,session498216206340,2
3176,session1546188226628,2
3177,session343597383757,2
3178,session223338299458,2
3179,session446676598818,2
3180,session188978561078,2
3181,session377957122094,2
3182,session944892805142,2
3183,session206158430262,2
3184,session970662608900,2
3185,session936302870543,2
3186,session326417514500,2
3187,session549755813975,2
3188,session300647710733,2
3189,session274877906963,2
3190,session154618822673,2
3191,session1580547964998,2
3192,session206158430224,2
3193,session1382979469370,2
3194,session163208757256,2
3195,session1683627180094,2
3196,session146028888164,2
3197,session455266533450,2
3198,session472446402614,2
3199,session30,2
3200,session1073741824049,2
3201,session532575944781,2
3202,session257698037788,2
3203,session1580547964940,2
3204,session1202590842906,2
3205,session1133871366192,2
3206,session1425929142331,2
3207,session154618822657,2
3208,session343597383770,2
3209,session1279900254281,2
3210,session893353197607,2
3211,session644245094445,2
3212,session962072674369,2
3213,session300647710801,2
3214,session549755813943,2
3215,session489626271754,2
3216,session85899345942,2
3217,session326417514560,2
3218,session231928234000,2
3219,session446676598874,2
3220,session1194000908318,2
3221,session1022202216525,2
3222,session816043786284,2
3223,session1254130450486,2
3224,session429496729653,2
3225,session635655159850,2
3226,session712964571212,2
3227,session1262720385073,2
3228,session867583393816,2
3229,session283467841611,2
3230,session369367187459,2
3231,session352187318302,2
3232,session163208757279,2
3233,session927712935938,2
3234,session283467841610,2
3235,session987842478139,2
3236,session1589137899591,2
3237,session1202590842922,2
3238,session1546188226586,2
3239,session936302870545,2
3240,session111669149725,2
3241,session1537598292010,2
3242,session1606317768779,2
3243,session1477468749833,2
3244,session1683627180078,2
3245,session670014898230,2
3246,session8589934605,2
3247,session1090921693199,2
3248,session171798691856,2
3249,session644245094440,2
3250,session764504178712,2
3251,session1340029796380,2
3252,session352187318282,2
3253,session1425929142323,2
3254,session1494648619036,2
3255,session712964571180,2
3256,session77309411412,2
3257,session747324309507,2
3258,session549755813897,2
3259,session1614907703328,2
3260,session1700807049269,2
3261,session1692217114694,2
3262,session335007449169,2
3263,session1365799600174,2
3264,session1047972020262,2
3265,session343597383697,2
3266,session317827579936,2
3267,session231928234026,2
3268,session377957122062,2
3269,session1537598291996,2
3270,session1365799600172,2
3271,session1700807049231,2
3272,session1262720385048,2
3273,session558345748502,2
3274,session695784702008,2
3275,session1245540515870,2
3276,session1228360646727,2
3277,session506806140986,2
3278,session1168231104558,2
3279,session1554778161159,2
3280,session1580547964944,2
3281,session352187318331,2
3282,session455266533456,2
3283,session532575944778,2
3284,session1365799600147,2
3285,session962072674373,2
3286,session180388626455,2
3287,session1511828488215,2
3288,session1047972020250,2
3289,session231928234067,2
3290,session609885356067,2
3291,session25769803854,2
3292,session790273982464,2
3293,session1142461300774,2
3294,session927712935998,2
3295,session1056561954867,2
3296,session197568495625,2
3297,session1219770712123,2
3298,session721554505803,2
3299,session1511828488229,2
3300,session1254130450495,2
3301,session1606317768711,2
3302,session1005022347301,2
3303,session1374389534785,2
3304,session644245094484,2
3305,session1408749273150,2
3306,session1614907703356,2
3307,session558345748503,2
3308,session188978561075,1
3309,session455266533401,1
3310,session936302870619,1
3311,session1391569403962,1
3312,session1090921693266,1
3313,session1211180777477,1
3314,session1614907703319,1
3315,session111669149704,1
3316,session1709396983871,1
3317,session343597383687,1
3318,session532575944786,1
3319,session1202590842899,1
3320,session1477468749917,1
3321,session206158430263,1
3322,session884763263015,1
3323,session292057776144,1
3324,session231928234058,1
3325,session1090921693195,1
3326,session635655159811,1
3327,session25769803795,1
3328,session764504178696,1
3329,session1563368095816,1
3330,session266287972436,1
3331,session292057776155,1
3332,session1700807049268,1
3333,session1443109011499,1
3334,session343597383699,1
3335,session558345748501,1
3336,session730144440389,1
3337,session1666447310906,1
3338,session180388626497,1
3339,session670014898240,1
3340,session1546188226590,1
3341,session670014898206,1
3342,session1108101562400,1
3343,session1657857376292,1
3344,session283467841574,1
3345,session1236950581294,1
3346,session1700807049292,1
3347,session970662608969,1
3348,session1082331758617,1
3349,session678604832857,1
3350,session841813590068,1
3351,session300647710790,1
3352,session120259084370,1
3353,session635655159870,1
3354,session1563368095808,1
3355,session1073741824090,1
3356,session1614907703377,1
3357,session1434519076935,1
3358,session755914244131,1
3359,session489626271790,1
3360,session670014898250,1
3361,session1340029796406,1
3362,session1271310319625,1
3363,session223338299395,1
3364,session146028888158,1
3365,session1632087572498,1
3366,session1073741824042,1
3367,session609885356080,1
3368,session1666447310896,1
3369,session1108101562442,1
3370,session317827579916,1
3371,session884763262995,1
3372,session300647710769,1
3373,session206158430260,1
3374,session206158430211,1
3375,session1082331758662,1
3376,session317827579970,1
3377,session1520418422801,1
3378,session627065225265,1
3379,session214748364806,1
3380,session523986010136,1
3381,session1425929142319,1
3382,session841813590063,1
3383,session1322849927210,1
3384,session1305670058039,1
3385,session824633720854,1
3386,session17179869251,1
3387,session1580547965009,1
3388,session498216206377,1
3389,session601295421521,1
3390,session755914244105,1
3391,session1297080123430,1
3392,session790273982514,1
3393,session231928234064,1
3394,session1039382085641,1
3395,session463856468023,1
3396,session1571958030387,1
3397,session515396075546,1
3398,session1468878815318,1
3399,session249108103189,1
3400,session128849018972,1
3401,session1589137899575,1
3402,session68719476795,1
3403,session1563368095836,1
3404,session137438953534,1
3405,session300647710768,1
3406,session1709396983823,1
3407,session712964571188,1
3408,session1657857376337,1
3409,session352187318333,1
3410,session798863917084,1
3411,session910533066837,1
3412,session1202590842898,1
3413,session1623497637940,1
3414,session249108103181,1
3415,session618475290637,1
3416,session1425929142301,1
3417,session755914244154,1
3418,session798863917133,1
3419,session979252543540,1
3420,session1623497637939,1
3421,session120259084313,1
3422,session833223655513,1
3423,session489626271813,1
3424,session833223655505,1
3425,session652835029050,1
3426,session120259084304,1
3427,session1228360646714,1
3428,session300647710764,1
3429,session163208757314,1
3430,session1125281431611,1
3431,session1365799600149,1
3432,session1116691497028,1
3433,session1185410973708,1
3434,session1571958030429,1
3435,session1511828488236,1
3436,session635655159871,1
3437,session472446402582,1
3438,session1185410973763,1
3439,session1176821039195,1
3440,session927712935948,1
3441,session1211180777498,1
3442,session1340029796399,1
3443,session1297080123447,1
3444,session1425929142278,1
3445,session1529008357383,1
3446,session764504178719,1
3447,session37,1
3448,session103079215183,1
3449,session566935683081,1
3450,session171798691847,1
3451,session1700807049257,1
3452,session257698037813,1
3453,session807453851663,1
3454,session1580547964951,1
3455,session1340029796354,1
3456,session498216206387,1
3457,session867583393856,1
3458,session1142461300745,1
3459,session481036337181,1
3460,session1520418422814,1
3461,session283467841600,1
3462,session111669149728,1
3463,session292057776129,1
3464,session919123001355,1
3465,session1692217114674,1
3466,session1477468749884,1
3467,session618475290690,1
3468,session446676598816,1
3469,session876173328390,1
3470,session386547056733,1
3471,session1640677507088,1
3472,session858993459206,1
3473,session1614907703372,1
3474,session584115552333,1
3475,session523986010174,1
3476,session1640677507140,1
3477,session420906795034,1
3478,session549755813933,1
3479,session60129542218,1
3480,session377957122111,1
3481,session850403524647,1
3482,session103079215160,1
3483,session1159641169995,1
3484,session652835029066,1
3485,session927712935939,1
3486,session154618822672,1
3487,session532575944770,1
3488,session1709396983859,1
3489,session343597383720,1
3490,session1657857376295,1
3491,session1494648619068,1
3492,session1262720385043,1
3493,session1614907703334,1
3494,session1494648619070,1
3495,session463856468038,1
3496,session1391569403912,1
