,link,count
0,link798863917076,3683
1,link1288490188815,2910
2,link755914244118,2420
3,link532575944722,2415
4,link214748364811,2241
5,link1468878815250,1453
6,link996432412694,797
7,link25769803776,763
8,link1125281431562,759
9,link369367187470,651
10,link1194000908303,580
11,link257698037775,564
12,link627065225236,564
13,link1030792151065,559
14,link8589934595,498
15,link1288490188816,471
16,link395136991258,443
17,link824633720850,421
18,link34359738385,380
19,link1683627180045,366
20,link1056561954816,330
21,link1494648619010,319
22,link1580547964928,312
23,link1314259992589,301
24,link1529008357378,300
25,link188978561034,270
26,link678604832791,257
27,link781684047909,254
28,link1511828488193,252
29,link1357209665544,244
30,link1271310319636,236
31,link335007449089,235
32,link841813590036,233
33,link584115552267,220
34,link1503238553612,219
35,link1322849927187,206
36,link1271310319632,205
37,link1030792151066,195
38,link1288490188800,194
39,link1219770712064,186
40,link1099511627780,166
41,link463856467993,165
42,link1675037245462,164
43,link1614907703315,161
44,link214748364812,159
45,link1606317768723,158
46,link1022202216448,158
47,link618475290645,157
48,link1520418422793,155
49,link1529008357381,149
50,link996432412701,143
51,link154618822680,136
52,link1022202216468,135
53,link687194767380,134
54,link1013612281867,134
55,link781684047877,133
56,link1382979469334,132
57,link515396075530,126
58,link627065225216,122
59,link369367187471,113
60,link687194767387,113
61,link1348619730944,111
62,link747324309507,104
63,link1511828488195,101
64,link68719476763,98
65,link446676598787,97
66,link996432412682,96
67,link1047972020236,89
68,link1400159338512,89
69,link549755813906,88
70,link566935683079,85
71,link1185410973706,82
72,link1632087572483,81
73,link618475290646,81
74,link103079215107,81
75,link360777252869,80
76,link592705486873,78
77,link858993459235,77
78,link1288490188808,76
79,link395136991250,76
80,link1537598291990,74
81,link515396075542,74
82,link1099511627784,72
83,link1425929142291,72
84,link1030792151074,72
85,link1632087572481,71
86,link386547056645,71
87,link1614907703314,68
88,link1382979469316,68
89,link1460288880643,67
90,link343597383709,67
91,link1159641169934,66
92,link807453851653,66
93,link1425929142272,65
94,link472446402562,64
95,link343597383684,63
96,link1056561954825,63
97,link678604832776,63
98,link369367187473,63
99,link1030792151061,62
100,link970662608904,62
101,link1322849927197,62
102,link317827579905,61
103,link850403524616,60
104,link927712935959,60
105,link687194767391,59
106,link1194000908288,58
107,link1408749273114,58
108,link1245540515865,57
109,link1649267441683,55
110,link420906795021,55
111,link************,55
112,link1417339207684,55
113,link94489280522,54
114,link601295421458,54
115,link343597383702,54
116,link1632087572487,53
117,link309237645318,53
118,link532575944721,53
119,link1503238553602,53
120,link498216206339,52
121,link1400159338522,51
122,link68719476760,51
123,link1443109011470,50
124,link1254130450432,50
125,link1159641169922,49
126,link970662608898,48
127,link103079215120,48
128,link300647710744,48
129,link730144440335,47
130,link506806140950,46
131,link240518168585,46
132,link1606317768716,46
133,link60129542163,46
134,link111669149711,46
135,link128849018903,46
136,link609885356036,44
137,link214748364800,44
138,link558345748496,44
139,link1408749273112,44
140,link781684047894,44
141,link704374636552,44
142,link1322849927176,44
143,link944892805146,43
144,link420906795026,43
145,link927712935945,43
146,link1486058684426,42
147,link369367187458,42
148,link1073741824019,42
149,link1322849927201,41
150,link927712935936,40
151,link1022202216451,40
152,link1451698946067,40
153,link1692217114624,40
154,link1391569403920,38
155,link1571958030353,38
156,link1108101562390,38
157,link919123001373,37
158,link395136991242,37
159,link919123001355,37
160,link1511828488208,37
161,link420906795010,37
162,link377957122050,37
163,link1271310319624,37
164,link515396075529,36
165,link1554778161152,36
166,link1563368095761,36
167,link180388626438,36
168,link1168231104519,36
169,link111669149702,36
170,link1554778161178,35
171,link429496729603,35
172,link798863917057,35
173,link1563368095754,34
174,link463856467996,34
175,link1297080123409,34
176,link1537598291973,34
177,link1168231104518,34
178,link1245540515870,34
179,link266287972374,34
180,link592705486855,33
181,link1529008357389,33
182,link944892805150,33
183,link979252543510,33
184,link661424963587,32
185,link1125281431556,32
186,link962072674334,32
187,link1322849927193,32
188,link1443109011461,32
189,link712964571156,32
190,link60129542158,32
191,link489626271749,32
192,link17179869194,32
193,link773094113301,31
194,link1632087572490,31
195,link1090921693212,31
196,link8589934607,31
197,link652835028992,31
198,link1039382085654,31
199,link111669149703,30
200,link438086664208,30
201,link274877906957,30
202,link884763262981,30
203,link944892805155,30
204,link446676598804,29
205,link1494648619014,29
206,link816043786241,28
207,link1133871366169,28
208,link1486058684444,28
209,link1511828488192,28
210,link1374389534742,28
211,link1065151889414,28
212,link154618822681,28
213,link584115552268,27
214,link627065225218,27
215,link936302870533,27
216,link738734374919,27
217,link1022202216472,27
218,link1683627180048,27
219,link867583393817,27
220,link403726925842,27
221,link807453851670,26
222,link1065151889424,26
223,link309237645316,26
224,link1288490188803,26
225,link1219770712080,26
226,link369367187456,26
227,link592705486860,26
228,link1047972020234,26
229,link249108103187,26
230,link979252543506,26
231,link472446402569,26
232,link1486058684429,25
233,link1073741824018,24
234,link34359738389,24
235,link1228360646671,24
236,link171798691855,24
237,link1030792151050,24
238,link1039382085646,24
239,link128849018894,24
240,link712964571157,24
241,link1331439861771,24
242,link618475290628,24
243,link489626271752,23
244,link240518168595,23
245,link25,23
246,link1082331758606,23
247,link420906795028,23
248,link317827579927,23
249,link910533066771,23
250,link867583393801,23
251,link635655159826,23
252,link910533066768,22
253,link1597727834115,22
254,link1606317768731,22
255,link377957122056,22
256,link1408749273095,22
257,link1228360646659,22
258,link996432412697,22
259,link979252543492,22
260,link7,22
261,link1090921693185,22
262,link1065151889412,22
263,link1262720385038,21
264,link28,21
265,link1297080123404,21
266,link558345748490,21
267,link850403524623,21
268,link2,21
269,link1279900254213,21
270,link738734374920,21
271,link850403524635,21
272,link360777252874,21
273,link498216206358,21
274,link1202590842888,21
275,link1047972020237,21
276,link326417514517,20
277,link85899345939,20
278,link481036337156,20
279,link1082331758618,20
280,link1589137899526,20
281,link627065225217,20
282,link1056561954851,20
283,link575525617690,20
284,link1425929142285,20
285,link1228360646676,20
286,link1546188226560,20
287,link652835028997,20
288,link1554778161186,20
289,link678604832792,20
290,link240518168597,20
291,link1632087572496,20
292,link644245094408,20
293,link919123001344,20
294,link463856467986,20
295,link944892805131,20
296,link1357209665539,20
297,link257698037776,19
298,link798863917056,19
299,link1537598291988,19
300,link601295421446,19
301,link1151051235339,19
302,link343597383695,19
303,link575525617673,19
304,link953482739739,19
305,link1529008357383,18
306,link1305670057997,18
307,link1254130450434,18
308,link919123001345,18
309,link240518168578,18
310,link1520418422817,18
311,link704374636564,18
312,link317827579911,18
313,link1529008357401,18
314,link343597383687,18
315,link317827579932,18
316,link1194000908293,17
317,link274877906968,17
318,link446676598802,17
319,link283467841548,17
320,link979252543519,17
321,link1571958030339,17
322,link352187318289,17
323,link1623497637891,17
324,link1047972020226,17
325,link231928234006,17
326,link1589137899537,17
327,link575525617666,17
328,link1202590842901,17
329,link1546188226587,16
330,link1219770712068,16
331,link635655159822,16
332,link601295421463,16
333,link369367187461,16
334,link85899345938,16
335,link1219770712073,16
336,link1666447310861,16
337,link412316860424,16
338,link489626271747,16
339,link824633720851,16
340,link927712935937,16
341,link429496729615,16
342,link1245540515856,16
343,link274877906955,16
344,link1022202216463,16
345,link335007449096,16
346,link1013612281878,16
347,link1125281431573,16
348,link1202590842895,16
349,link1090921693184,16
350,link712964571149,16
351,link25769803777,16
352,link1065151889420,16
353,link1082331758610,15
354,link85899345934,15
355,link1056561954843,15
356,link798863917071,15
357,link231928233997,15
358,link498216206343,15
359,link369367187468,15
360,link163208757260,15
361,link944892805140,15
362,link652835029005,15
363,link25769803792,15
364,link1013612281864,15
365,link171798691847,15
366,link386547056662,15
367,link472446402581,15
368,link34359738369,15
369,link42949672974,15
370,link1159641169933,15
371,link927712935944,15
372,link1365799600141,15
373,link14,15
374,link721554505743,15
375,link180388626444,14
376,link1520418422787,14
377,link77309411346,14
378,link1254130450433,14
379,link1082331758611,14
380,link541165879315,14
381,link652835029001,14
382,link120259084320,14
383,link1546188226592,14
384,link386547056650,14
385,link566935683085,14
386,link1434519076883,14
387,link1649267441667,14
388,link1108101562368,14
389,link94489280523,14
390,link1056561954818,14
391,link1013612281881,14
392,link498216206357,14
393,link652835028998,14
394,link1271310319620,14
395,link249108103190,14
396,link541165879306,14
397,link9,14
398,link412316860418,14
399,link231928234007,14
400,link704374636557,14
401,link618475290651,14
402,link1623497637894,14
403,link1047972020224,14
404,link257698037780,14
405,link695784701952,13
406,link309237645327,13
407,link1382979469335,13
408,link223338299401,13
409,link704374636551,13
410,link670014898192,13
411,link223338299404,13
412,link910533066753,13
413,link730144440337,13
414,link1675037245450,13
415,link790273982483,13
416,link1090921693207,13
417,link1554778161158,13
418,link1451698946048,13
419,link1589137899542,13
420,link1142461300738,13
421,link231928233994,12
422,link609885356043,12
423,link1082331758594,12
424,link987842478095,12
425,link1159641169920,12
426,link60129542145,12
427,link1271310319625,12
428,link1408749273098,12
429,link85899345924,12
430,link1692217114629,12
431,link1013612281856,12
432,link1580547964938,12
433,link1597727834112,12
434,link876173328397,12
435,link1580547964943,12
436,link1666447310850,12
437,link1554778161181,12
438,link1529008357405,12
439,link962072674329,12
440,link506806140930,12
441,link42949672960,12
442,link532575944713,12
443,link292057776133,12
444,link386547056663,12
445,link987842478081,12
446,link549755813896,12
447,link446676598795,12
448,link395136991237,12
449,link695784701966,12
450,link25769803781,12
451,link317827579923,12
452,link1554778161187,12
453,link1400159338526,11
454,link781684047895,11
455,link970662608914,11
456,link1494648619026,11
457,link790273982476,11
458,link858993459212,11
459,link343597383694,11
460,link360777252883,11
461,link609885356059,11
462,link910533066754,11
463,link953482739712,11
464,link1374389534721,11
465,link541165879298,11
466,link721554505729,11
467,link807453851660,11
468,link1194000908315,11
469,link867583393818,11
470,link29,11
471,link1108101562377,11
472,link1709396983826,11
473,link1511828488203,11
474,link944892805154,11
475,link738734374915,11
476,link704374636560,11
477,link953482739733,11
478,link541165879302,11
479,link541165879305,11
480,link1322849927200,11
481,link979252543511,11
482,link343597383710,11
483,link317827579904,10
484,link609885356038,10
485,link1082331758614,10
486,link146028888071,10
487,link1640677507074,10
488,link1374389534729,10
489,link231928233986,10
490,link1056561954826,10
491,link738734374936,10
492,link1692217114631,10
493,link180388626434,10
494,link1116691496962,10
495,link1468878815232,10
496,link120259084323,10
497,link867583393793,10
498,link1314259992592,10
499,link824633720852,10
500,link1314259992591,10
501,link712964571143,10
502,link128849018908,10
503,link188978561026,10
504,link197568495617,10
505,link25769803784,10
506,link687194767373,10
507,link498216206360,10
508,link1623497637896,10
509,link1331439861789,10
510,link352187318277,10
511,link1443109011469,10
512,link1434519076875,10
513,link1666447310862,10
514,link1460288880652,10
515,link1486058684439,10
516,link1013612281885,10
517,link1314259992576,10
518,link231928233999,10
519,link137438953497,10
520,link1554778161180,10
521,link94489280517,10
522,link171798691840,10
523,link704374636561,10
524,link257698037770,10
525,link206158430225,10
526,link420906795034,10
527,link670014898188,10
528,link42949672976,10
529,link360777252885,9
530,link695784701957,9
531,link1494648619016,9
532,link1314259992577,9
533,link1176821039119,9
534,link154618822677,9
535,link1142461300737,9
536,link652835028993,9
537,link1047972020244,9
538,link1700807049218,9
539,link1073741824001,9
540,link1692217114640,9
541,link429496729604,9
542,link1271310319621,9
543,link867583393808,9
544,link1632087572497,9
545,link163208757248,9
546,link807453851655,9
547,link1632087572509,9
548,link1297080123410,9
549,link17179869196,9
550,link180388626440,9
551,link764504178692,9
552,link154618822670,9
553,link1494648619008,9
554,link1511828488206,9
555,link807453851672,9
556,link652835029010,9
557,link919123001350,9
558,link532575944714,9
559,link1589137899540,9
560,link541165879322,9
561,link609885356058,9
562,link1614907703310,9
563,link609885356044,8
564,link850403524625,8
565,link1176821039117,8
566,link910533066774,8
567,link1340029796356,8
568,link1511828488209,8
569,link146028888076,8
570,link1151051235329,8
571,link257698037761,8
572,link644245094420,8
573,link274877906951,8
574,link1271310319635,8
575,link463856467989,8
576,link1151051235328,8
577,link51539607559,8
578,link584115552261,8
579,link1082331758626,8
580,link335007449093,8
581,link1477468749828,8
582,link1529008357385,8
583,link438086664204,8
584,link1614907703303,8
585,link1468878815240,8
586,link790273982467,8
587,link781684047873,8
588,link609885356042,8
589,link549755813890,8
590,link386547056666,8
591,link1,8
592,link343597383705,8
593,link1202590842880,8
594,link1623497637923,8
595,link481036337187,8
596,link223338299402,8
597,link721554505741,8
598,link1640677507089,8
599,link893353197588,8
600,link1520418422790,8
601,link240518168581,8
602,link309237645320,8
603,link1185410973708,8
604,link566935683082,8
605,link755914244103,8
606,link910533066773,8
607,link6,8
608,link1322849927170,8
609,link17179869184,8
610,link438086664212,8
611,link292057776138,8
612,link51539607553,8
613,link644245094403,8
614,link1657857376281,8
615,link609885356047,8
616,link266287972355,8
617,link618475290648,8
618,link1365799600132,8
619,link395136991266,8
620,link936302870532,8
621,link1614907703318,8
622,link429496729613,8
623,link446676598784,8
624,link1288490188814,8
625,link721554505738,8
626,link206158430220,8
627,link1537598291975,8
628,link1675037245441,8
629,link1236950581256,8
630,link1451698946057,8
631,link1056561954854,8
632,link1443109011458,8
633,link652835029004,7
634,link558345748485,7
635,link197568495632,7
636,link979252543493,7
637,link1168231104531,7
638,link154618822688,7
639,link833223655445,7
640,link1571958030337,7
641,link1142461300743,7
642,link1374389534741,7
643,link1374389534730,7
644,link781684047898,7
645,link1262720385032,7
646,link1503238553623,7
647,link687194767378,7
648,link326417514497,7
649,link893353197583,7
650,link489626271765,7
651,link833223655429,7
652,link1176821039118,7
653,link1254130450439,7
654,link601295421464,7
655,link343597383708,7
656,link300647710730,7
657,link360777252876,7
658,link111669149712,7
659,link1709396983808,7
660,link1168231104513,7
661,link472446402577,7
662,link996432412699,7
663,link1305670057996,7
664,link85899345923,7
665,link1013612281883,7
666,link1047972020245,7
667,link661424963588,7
668,link841813590038,7
669,link154618822679,7
670,link1529008357404,7
671,link128849018880,7
672,link584115552266,7
673,link1073741824011,7
674,link867583393802,7
675,link764504178701,7
676,link8589934616,7
677,link317827579918,7
678,link867583393821,7
679,link20,7
680,link919123001364,7
681,link687194767376,7
682,link1073741824002,7
683,link197568495622,6
684,link1254130450446,6
685,link996432412683,6
686,link987842478086,6
687,link1073741824003,6
688,link266287972377,6
689,link816043786253,6
690,link1391569403924,6
691,link1279900254221,6
692,link1546188226566,6
693,link455266533376,6
694,link1271310319629,6
695,link1546188226568,6
696,link781684047884,6
697,link1666447310857,6
698,link644245094423,6
699,link1709396983812,6
700,link412316860417,6
701,link1425929142286,6
702,link429496729600,6
703,link1382979469332,6
704,link154618822656,6
705,link1529008357392,6
706,link1133871366145,6
707,link781684047903,6
708,link1425929142273,6
709,link738734374926,6
710,link1537598291968,6
711,link798863917070,6
712,link403726925841,6
713,link721554505755,6
714,link1408749273116,6
715,link249108103183,6
716,link128849018898,6
717,link773094113296,6
718,link60129542146,6
719,link257698037784,6
720,link1211180777479,6
721,link429496729601,6
722,link300647710734,6
723,link944892805122,6
724,link369367187477,6
725,link1400159338523,6
726,link34359738393,6
727,link68719476755,6
728,link1194000908300,6
729,link25769803806,6
730,link1228360646683,6
731,link266287972358,6
732,link1597727834129,6
733,link506806140933,6
734,link1597727834123,6
735,link1322849927194,6
736,link68719476741,6
737,link137438953474,6
738,link1348619730947,6
739,link755914244109,6
740,link1297080123397,6
741,link1099511627790,6
742,link1013612281871,6
743,link395136991235,6
744,link1400159338505,6
745,link1675037245451,6
746,link523986010136,6
747,link1125281431577,6
748,link1460288880662,6
749,link618475290649,6
750,link730144440320,6
751,link867583393822,6
752,link1322849927177,6
753,link1700807049216,6
754,link1211180777493,6
755,link1417339207702,6
756,link17179869197,6
757,link1614907703312,6
758,link1056561954849,6
759,link652835029007,6
760,link369367187460,6
761,link661424963584,6
762,link721554505737,6
763,link764504178698,6
764,link687194767401,6
765,link1408749273113,6
766,link1614907703306,6
767,link17179869191,6
768,link515396075525,6
769,link1082331758616,6
770,link687194767393,6
771,link420906795035,6
772,link1039382085643,6
773,link1013612281859,6
774,link592705486863,6
775,link1365799600133,6
776,link1039382085660,6
777,link1133871366166,6
778,link987842478098,6
779,link257698037783,6
780,link1039382085656,6
781,link1022202216456,6
782,link1340029796366,6
783,link1589137899541,5
784,link395136991265,5
785,link515396075520,5
786,link1529008357406,5
787,link498216206338,5
788,link1073741824007,5
789,link1013612281879,5
790,link1340029796376,5
791,link807453851668,5
792,link1709396983813,5
793,link1348619730948,5
794,link438086664202,5
795,link833223655430,5
796,link687194767370,5
797,link180388626458,5
798,link188978561028,5
799,link25769803787,5
800,link1503238553629,5
801,link781684047887,5
802,link850403524615,5
803,link128849018901,5
804,link1108101562369,5
805,link1236950581270,5
806,link1537598291977,5
807,link68719476750,5
808,link601295421453,5
809,link472446402566,5
810,link438086664203,5
811,link858993459221,5
812,link1357209665545,5
813,link1537598291986,5
814,link601295421441,5
815,link755914244117,5
816,link171798691858,5
817,link438086664223,5
818,link721554505742,5
819,link764504178716,5
820,link1520418422803,5
821,link1623497637925,5
822,link1537598291969,5
823,link884763262999,5
824,link1039382085652,5
825,link807453851662,5
826,link695784701964,5
827,link1554778161176,5
828,link927712935960,5
829,link120259084319,5
830,link944892805129,5
831,link1176821039109,5
832,link901943132168,5
833,link1340029796370,5
834,link197568495619,5
835,link1477468749846,5
836,link111669149724,5
837,link360777252865,5
838,link1056561954841,5
839,link944892805151,5
840,link773094113298,5
841,link343597383682,5
842,link18,5
843,link1340029796369,5
844,link25769803791,5
845,link429496729610,5
846,link1580547964940,5
847,link1649267441678,5
848,link635655159821,5
849,link996432412695,5
850,link1640677507079,5
851,link257698037767,5
852,link1683627180040,5
853,link1520418422809,5
854,link1279900254223,5
855,link1580547964949,5
856,link712964571147,5
857,link171798691860,5
858,link463856467983,5
859,link816043786246,5
860,link1640677507075,5
861,link584115552273,5
862,link335007449107,5
863,link1486058684425,5
864,link266287972373,5
865,link867583393809,5
866,link283467841541,5
867,link85899345942,5
868,link1675037245453,5
869,link1563368095762,4
870,link1614907703308,4
871,link1606317768725,4
872,link1520418422805,4
873,link601295421450,4
874,link979252543497,4
875,link317827579928,4
876,link1546188226590,4
877,link1597727834124,4
878,link721554505730,4
879,link146028888074,4
880,link1047972020241,4
881,link644245094418,4
882,link1056561954832,4
883,link816043786247,4
884,link747324309518,4
885,link1511828488194,4
886,link481036337168,4
887,link523986010133,4
888,link747324309514,4
889,link223338299394,4
890,link858993459203,4
891,link1520418422785,4
892,link506806140939,4
893,link1202590842890,4
894,link987842478083,4
895,link1632087572495,4
896,link1451698946075,4
897,link171798691841,4
898,link953482739720,4
899,link927712935943,4
900,link695784701958,4
901,link25769803803,4
902,link1047972020233,4
903,link1082331758595,4
904,link128849018906,4
905,link1382979469336,4
906,link1133871366161,4
907,link292057776136,4
908,link1228360646681,4
909,link146028888089,4
910,link592705486868,4
911,link644245094412,4
912,link171798691848,4
913,link652835029015,4
914,link1589137899536,4
915,link841813590019,4
916,link773094113292,4
917,link51539607560,4
918,link1065151889422,4
919,link1073741824014,4
920,link807453851649,4
921,link1374389534745,4
922,link1400159338496,4
923,link1443109011465,4
924,link1013612281865,4
925,link1005022347279,4
926,link1357209665540,4
927,link1546188226591,4
928,link300647710731,4
929,link704374636550,4
930,link1108101562379,4
931,link670014898176,4
932,link541165879312,4
933,link17179869195,4
934,link8589934596,4
935,link1640677507090,4
936,link1597727834116,4
937,link876173328391,4
938,link730144440343,4
939,link1709396983815,4
940,link1468878815248,4
941,link1520418422789,4
942,link498216206355,4
943,link1245540515857,4
944,link1322849927188,4
945,link1331439861781,4
946,link575525617678,4
947,link1537598291978,4
948,link944892805147,4
949,link1022202216475,4
950,link1013612281886,4
951,link712964571154,4
952,link68719476768,4
953,link635655159813,4
954,link240518168577,4
955,link936302870556,4
956,link1529008357403,4
957,link1331439861772,4
958,link1451698946049,4
959,link481036337159,4
960,link438086664192,4
961,link1554778161185,4
962,link1056561954839,4
963,link309237645328,4
964,link1340029796353,4
965,link455266533388,4
966,link867583393823,4
967,link1245540515853,4
968,link1365799600140,4
969,link953482739734,4
970,link1262720385039,4
971,link1451698946072,4
972,link1494648619034,4
973,link60129542161,4
974,link1022202216467,4
975,link1657857376260,4
976,link352187318299,4
977,link326417514507,4
978,link1030792151075,4
979,link1039382085636,4
980,link1039382085634,4
981,link214748364808,4
982,link188978561035,4
983,link807453851648,4
984,link695784701972,4
985,link618475290630,4
986,link111669149698,4
987,link403726925831,4
988,link1460288880648,4
989,link1159641169924,4
990,link1279900254208,4
991,link575525617665,4
992,link60129542149,4
993,link1176821039140,4
994,link944892805120,4
995,link927712935939,4
996,link901943132172,4
997,link1675037245447,4
998,link180388626442,4
999,link1425929142279,4
1000,link755914244107,4
1001,link154618822664,4
1002,link816043786251,4
1003,link326417514523,4
1004,link1314259992593,4
1005,link1700807049227,4
1006,link111669149705,4
1007,link223338299414,4
1008,link120259084314,4
1009,link558345748481,4
1010,link1125281431568,4
1011,link661424963600,4
1012,link309237645325,4
1013,link1331439861777,4
1014,link1271310319634,4
1015,link841813590021,4
1016,link618475290638,4
1017,link558345748495,4
1018,link833223655426,4
1019,link1202590842913,4
1020,link1297080123419,4
1021,link1563368095769,4
1022,link738734374916,4
1023,link609885356048,4
1024,link970662608921,4
1025,link1005022347280,4
1026,link730144440336,4
1027,link1133871366156,4
1028,link335007449099,4
1029,link343597383703,4
1030,link987842478087,4
1031,link481036337182,4
1032,link85899345928,4
1033,link996432412693,4
1034,link858993459213,4
1035,link867583393816,4
1036,link68719476739,4
1037,link395136991259,4
1038,link1391569403918,4
1039,link1391569403927,4
1040,link206158430209,4
1041,link386547056643,4
1042,link51539607554,4
1043,link1649267441689,4
1044,link369367187459,4
1045,link1709396983825,4
1046,link644245094421,4
1047,link326417514505,4
1048,link420906795031,4
1049,link1408749273120,4
1050,link1382979469333,4
1051,link8589934603,4
1052,link163208757256,4
1053,link188978561045,4
1054,link712964571139,4
1055,link781684047899,4
1056,link386547056649,4
1057,link146028888075,4
1058,link601295421457,4
1059,link1331439861765,4
1060,link1529008357393,4
1061,link68719476748,4
1062,link541165879309,4
1063,link730144440324,4
1064,link798863917063,4
1065,link1571958030344,4
1066,link1142461300745,4
1067,link1382979469325,4
1068,link223338299396,4
1069,link1494648619039,4
1070,link103079215121,4
1071,link798863917062,4
1072,link1494648619032,4
1073,link1297080123423,4
1074,link953482739744,4
1075,link214748364810,4
1076,link927712935962,4
1077,link266287972357,4
1078,link1245540515847,4
1079,link1563368095765,4
1080,link137438953485,4
1081,link1168231104520,4
1082,link1202590842887,4
1083,link1700807049238,4
1084,link34359738386,4
1085,link300647710732,4
1086,link893353197589,4
1087,link292057776144,4
1088,link1168231104528,4
1089,link670014898180,4
1090,link1116691496981,3
1091,link678604832777,3
1092,link326417514511,3
1093,link1554778161165,3
1094,link292057776130,3
1095,link120259084301,3
1096,link1597727834122,3
1097,link781684047876,3
1098,link274877906962,3
1099,link798863917061,3
1100,link1236950581260,3
1101,link257698037768,3
1102,link1563368095764,3
1103,link1683627180050,3
1104,link867583393814,3
1105,link1245540515873,3
1106,link1580547964935,3
1107,link481036337176,3
1108,link627065225242,3
1109,link180388626453,3
1110,link515396075543,3
1111,link283467841537,3
1112,link1236950581259,3
1113,link42949672975,3
1114,link541165879307,3
1115,link498216206361,3
1116,link910533066769,3
1117,link687194767384,3
1118,link1623497637911,3
1119,link1606317768705,3
1120,link1047972020227,3
1121,link180388626449,3
1122,link927712935954,3
1123,link206158430219,3
1124,link1571958030341,3
1125,link1262720385046,3
1126,link1623497637900,3
1127,link1503238553606,3
1128,link481036337178,3
1129,link987842478091,3
1130,link103079215118,3
1131,link317827579924,3
1132,link386547056668,3
1133,link996432412686,3
1134,link317827579934,3
1135,link841813590034,3
1136,link42949672985,3
1137,link1314259992597,3
1138,link1365799600137,3
1139,link1133871366147,3
1140,link1400159338525,3
1141,link21,3
1142,link1211180777481,3
1143,link1374389534727,3
1144,link893353197568,3
1145,link1417339207687,3
1146,link249108103168,3
1147,link137438953494,3
1148,link1013612281860,3
1149,link94489280530,3
1150,link584115552285,3
1151,link1176821039113,3
1152,link678604832775,3
1153,link1434519076881,3
1154,link1649267441674,3
1155,link858993459233,3
1156,link721554505750,3
1157,link1400159338503,3
1158,link1623497637918,3
1159,link317827579922,3
1160,link523986010122,3
1161,link25769803801,3
1162,link1589137899538,3
1163,link1580547964936,3
1164,link927712935951,3
1165,link601295421447,3
1166,link738734374933,3
1167,link412316860419,3
1168,link1099511627792,3
1169,link936302870557,3
1170,link103079215131,3
1171,link1606317768722,3
1172,link1460288880647,3
1173,link927712935953,3
1174,link704374636546,3
1175,link970662608926,3
1176,link1202590842906,3
1177,link824633720847,3
1178,link1520418422819,3
1179,link532575944704,3
1180,link317827579925,3
1181,link42949672962,3
1182,link867583393807,3
1183,link1322849927172,3
1184,link962072674336,3
1185,link326417514501,3
1186,link523986010126,3
1187,link77309411337,3
1188,link1228360646678,3
1189,link326417514502,3
1190,link1202590842889,3
1191,link566935683074,3
1192,link1468878815251,3
1193,link1108101562374,3
1194,link223338299403,3
1195,link1236950581269,3
1196,link919123001370,3
1197,link1082331758622,3
1198,link1675037245470,3
1199,link146028888079,3
1200,link120259084289,3
1201,link893353197587,3
1202,link360777252878,3
1203,link1254130450450,3
1204,link876173328395,3
1205,link1288490188810,3
1206,link1546188226584,3
1207,link498216206359,3
1208,link42949672979,3
1209,link901943132169,3
1210,link678604832794,3
1211,link541165879320,3
1212,link188978561055,3
1213,link1168231104512,3
1214,link532575944723,3
1215,link927712935941,3
1216,link850403524629,3
1217,link266287972354,3
1218,link678604832796,3
1219,link635655159814,3
1220,link231928234017,3
1221,link34359738384,3
1222,link420906795020,3
1223,link103079215127,3
1224,link730144440331,3
1225,link867583393799,3
1226,link558345748483,3
1227,link515396075532,3
1228,link1623497637919,3
1229,link781684047905,3
1230,link1159641169927,3
1231,link1434519076865,3
1232,link584115552256,3
1233,link644245094407,3
1234,link816043786240,3
1235,link283467841540,3
1236,link292057776134,3
1237,link1606317768713,3
1238,link1056561954817,3
1239,link644245094405,3
1240,link481036337189,3
1241,link223338299399,3
1242,link463856467980,3
1243,link790273982478,3
1244,link1297080123412,3
1245,link1683627180038,3
1246,link695784701975,3
1247,link549755813892,3
1248,link944892805138,3
1249,link1494648619029,3
1250,link970662608905,3
1251,link274877906967,3
1252,link1692217114626,3
1253,link1683627180047,3
1254,link1374389534743,3
1255,link146028888081,3
1256,link489626271759,3
1257,link506806140937,3
1258,link1357209665554,3
1259,link1443109011472,3
1260,link558345748492,3
1261,link1185410973696,3
1262,link1520418422812,3
1263,link1073741824020,3
1264,link13,3
1265,link575525617696,3
1266,link1434519076870,3
1267,link1236950581275,3
1268,link970662608910,3
1269,link1503238553600,3
1270,link523986010137,3
1271,link34359738387,3
1272,link481036337179,3
1273,link816043786258,3
1274,link1683627180036,3
1275,link274877906954,3
1276,link910533066766,3
1277,link1477468749840,3
1278,link695784701956,3
1279,link1262720385033,3
1280,link1133871366173,3
1281,link841813590041,3
1282,link1030792151069,3
1283,link1142461300740,3
1284,link1425929142277,3
1285,link798863917077,3
1286,link1589137899522,3
1287,link206158430215,3
1288,link944892805136,3
1289,link266287972379,3
1290,link352187318278,3
1291,link1640677507094,3
1292,link1305670057994,3
1293,link274877906947,3
1294,link1322849927186,3
1295,link463856468006,3
1296,link566935683075,3
1297,link1486058684424,3
1298,link721554505732,3
1299,link1176821039139,3
1300,link730144440339,3
1301,link970662608925,3
1302,link1065151889437,3
1303,link1297080123408,3
1304,link1425929142282,3
1305,link1571958030345,3
1306,link197568495629,3
1307,link893353197572,3
1308,link695784701968,3
1309,link1468878815241,3
1310,link1443109011460,2
1311,link1108101562381,2
1312,link317827579942,2
1313,link352187318275,2
1314,link609885356046,2
1315,link1331439861792,2
1316,link601295421448,2
1317,link730144440333,2
1318,link446676598786,2
1319,link1374389534731,2
1320,link1623497637924,2
1321,link541165879296,2
1322,link1546188226575,2
1323,link884763262995,2
1324,link773094113305,2
1325,link670014898177,2
1326,link489626271760,2
1327,link283467841550,2
1328,link1202590842881,2
1329,link1408749273102,2
1330,link60129542148,2
1331,link1486058684423,2
1332,link712964571164,2
1333,link1305670057987,2
1334,link919123001362,2
1335,link893353197578,2
1336,link670014898193,2
1337,link146028888064,2
1338,link901943132162,2
1339,link1228360646679,2
1340,link549755813907,2
1341,link1236950581273,2
1342,link51539607571,2
1343,link1520418422784,2
1344,link377957122074,2
1345,link1022202216470,2
1346,link523986010134,2
1347,link1503238553615,2
1348,link996432412678,2
1349,link1245540515862,2
1350,link841813590020,2
1351,link1425929142287,2
1352,link343597383693,2
1353,link1614907703299,2
1354,link472446402567,2
1355,link764504178694,2
1356,link566935683097,2
1357,link231928233988,2
1358,link816043786250,2
1359,link962072674327,2
1360,link618475290650,2
1361,link996432412698,2
1362,link438086664218,2
1363,link1675037245454,2
1364,link481036337190,2
1365,link936302870535,2
1366,link1151051235345,2
1367,link171798691856,2
1368,link1434519076869,2
1369,link1030792151046,2
1370,link1194000908294,2
1371,link1451698946055,2
1372,link979252543490,2
1373,link51539607565,2
1374,link773094113302,2
1375,link1013612281862,2
1376,link1486058684436,2
1377,link1211180777477,2
1378,link249108103194,2
1379,link420906795012,2
1380,link1623497637915,2
1381,link1503238553616,2
1382,link1623497637921,2
1383,link704374636558,2
1384,link1700807049220,2
1385,link214748364815,2
1386,link1606317768714,2
1387,link1632087572485,2
1388,link609885356064,2
1389,link386547056669,2
1390,link146028888082,2
1391,link764504178691,2
1392,link566935683098,2
1393,link841813590029,2
1394,link489626271753,2
1395,link1022202216473,2
1396,link455266533383,2
1397,link962072674315,2
1398,link94489280533,2
1399,link309237645330,2
1400,link1065151889432,2
1401,link412316860416,2
1402,link1005022347268,2
1403,link1425929142274,2
1404,link1357209665538,2
1405,link240518168596,2
1406,link420906795013,2
1407,link1537598291994,2
1408,link919123001353,2
1409,link1382979469327,2
1410,link1692217114637,2
1411,link1159641169921,2
1412,link1262720385036,2
1413,link1417339207697,2
1414,link1675037245471,2
1415,link1597727834117,2
1416,link1219770712084,2
1417,link1151051235342,2
1418,link257698037760,2
1419,link1039382085649,2
1420,link704374636545,2
1421,link1099511627777,2
1422,link1503238553608,2
1423,link1073741824008,2
1424,link1589137899530,2
1425,link678604832778,2
1426,link1039382085637,2
1427,link429496729616,2
1428,link953482739738,2
1429,link781684047910,2
1430,link154618822684,2
1431,link1090921693202,2
1432,link790273982464,2
1433,link180388626432,2
1434,link214748364817,2
1435,link1090921693192,2
1436,link1211180777472,2
1437,link1692217114628,2
1438,link85899345926,2
1439,link1322849927192,2
1440,link584115552281,2
1441,link403726925828,2
1442,link1108101562393,2
1443,link300647710743,2
1444,link1563368095757,2
1445,link1013612281857,2
1446,link1520418422816,2
1447,link1477468749842,2
1448,link85899345925,2
1449,link644245094422,2
1450,link816043786255,2
1451,link472446402564,2
1452,link68719476746,2
1453,link635655159812,2
1454,link781684047897,2
1455,link171798691862,2
1456,link944892805128,2
1457,link128849018888,2
1458,link773094113295,2
1459,link1477468749836,2
1460,link481036337175,2
1461,link455266533377,2
1462,link455266533396,2
1463,link395136991260,2
1464,link266287972352,2
1465,link438086664194,2
1466,link927712935942,2
1467,link369367187476,2
1468,link1657857376273,2
1469,link833223655440,2
1470,link1417339207704,2
1471,link1580547964948,2
1472,link395136991232,2
1473,link352187318302,2
1474,link60129542168,2
1475,link627065225225,2
1476,link1571958030348,2
1477,link1649267441681,2
1478,link1503238553601,2
1479,link687194767398,2
1480,link446676598796,2
1481,link77309411331,2
1482,link377957122057,2
1483,link1589137899532,2
1484,link472446402580,2
1485,link377957122048,2
1486,link188978561029,2
1487,link1657857376269,2
1488,link1580547964947,2
1489,link970662608927,2
1490,link901943132165,2
1491,link1176821039136,2
1492,link1340029796352,2
1493,link438086664220,2
1494,link1537598291974,2
1495,link592705486867,2
1496,link300647710733,2
1497,link1520418422807,2
1498,link1056561954840,2
1499,link111669149704,2
1500,link1546188226578,2
1501,link1571958030354,2
1502,link1640677507086,2
1503,link1116691496965,2
1504,link1520418422818,2
1505,link1108101562386,2
1506,link1047972020230,2
1507,link1159641169948,2
1508,link377957122071,2
1509,link240518168582,2
1510,link111669149714,2
1511,link876173328406,2
1512,link1271310319617,2
1513,link687194767389,2
1514,link1125281431571,2
1515,link77309411339,2
1516,link51539607556,2
1517,link223338299415,2
1518,link1219770712076,2
1519,link1228360646684,2
1520,link1451698946060,2
1521,link120259084309,2
1522,link1176821039128,2
1523,link1331439861769,2
1524,link1425929142295,2
1525,link1529008357395,2
1526,link1382979469342,2
1527,link94489280543,2
1528,link979252543496,2
1529,link1219770712075,2
1530,link266287972362,2
1531,link446676598801,2
1532,link824633720842,2
1533,link1503238553621,2
1534,link1322849927174,2
1535,link1666447310854,2
1536,link816043786256,2
1537,link171798691857,2
1538,link1082331758623,2
1539,link1245540515855,2
1540,link42949672972,2
1541,link566935683076,2
1542,link1434519076872,2
1543,link1460288880654,2
1544,link566935683077,2
1545,link77309411345,2
1546,link1159641169944,2
1547,link1657857376278,2
1548,link1632087572480,2
1549,link1262720385028,2
1550,link455266533379,2
1551,link1073741824004,2
1552,link798863917064,2
1553,link824633720833,2
1554,link807453851671,2
1555,link523986010132,2
1556,link1623497637889,2
1557,link1133871366152,2
1558,link1168231104516,2
1559,link369367187478,2
1560,link1314259992581,2
1561,link94489280541,2
1562,link987842478094,2
1563,link876173328393,2
1564,link163208757255,2
1565,link1159641169926,2
1566,link1331439861785,2
1567,link1614907703296,2
1568,link970662608900,2
1569,link463856467976,2
1570,link1477468749848,2
1571,link1434519076887,2
1572,link1202590842894,2
1573,link1245540515843,2
1574,link558345748491,2
1575,link1606317768708,2
1576,link257698037786,2
1577,link1357209665552,2
1578,link171798691842,2
1579,link1202590842883,2
1580,link850403524628,2
1581,link790273982468,2
1582,link1030792151057,2
1583,link1537598291970,2
1584,link128849018900,2
1585,link584115552275,2
1586,link240518168598,2
1587,link1013612281872,2
1588,link1297080123407,2
1589,link884763262977,2
1590,link1297080123414,2
1591,link1408749273088,2
1592,link884763262979,2
1593,link833223655436,2
1594,link1614907703298,2
1595,link77309411342,2
1596,link858993459214,2
1597,link188978561043,2
1598,link635655159824,2
1599,link979252543491,2
1600,link1056561954855,2
1601,link523986010116,2
1602,link944892805125,2
1603,link1468878815235,2
1604,link120259084304,2
1605,link231928233985,2
1606,link919123001361,2
1607,link300647710726,2
1608,link103079215124,2
1609,link755914244099,2
1610,link1288490188802,2
1611,link695784701965,2
1612,link317827579908,2
1613,link283467841549,2
1614,link738734374925,2
1615,link386547056647,2
1616,link1494648619018,2
1617,link1082331758620,2
1618,link1580547964950,2
1619,link171798691859,2
1620,link1563368095746,2
1621,link68719476762,2
1622,link1657857376259,2
1623,link738734374917,2
1624,link120259084302,2
1625,link566935683083,2
1626,link1065151889410,2
1627,link1640677507072,2
1628,link1279900254219,2
1629,link858993459232,2
1630,link987842478114,2
1631,link60129542153,2
1632,link910533066764,2
1633,link395136991251,2
1634,link197568495631,2
1635,link1486058684431,2
1636,link154618822661,2
1637,link25769803783,2
1638,link1460288880646,2
1639,link901943132170,2
1640,link377957122070,2
1641,link1108101562389,2
1642,link609885356039,2
1643,link816043786268,2
1644,link816043786259,2
1645,link1649267441677,2
1646,link498216206336,2
1647,link1305670057995,2
1648,link1520418422820,2
1649,link1176821039122,2
1650,link1529008357402,2
1651,link1649267441688,2
1652,link1065151889421,2
1653,link781684047908,2
1654,link274877906974,2
1655,link979252543500,2
1656,link1082331758617,2
1657,link1073741824000,2
1658,link1443109011459,2
1659,link68719476756,2
1660,link300647710729,2
1661,link412316860433,2
1662,link1666447310867,2
1663,link42949672980,2
1664,link687194767372,2
1665,link1099511627776,2
1666,link481036337177,2
1667,link1236950581250,2
1668,link721554505754,2
1669,link1460288880640,2
1670,link841813590016,2
1671,link1073741824009,2
1672,link1262720385030,2
1673,link1013612281887,2
1674,link816043786245,2
1675,link1056561954822,2
1676,link412316860438,2
1677,link1331439861775,2
1678,link1657857376256,2
1679,link1314259992590,2
1680,link180388626464,2
1681,link1168231104517,2
1682,link515396075546,2
1683,link249108103180,2
1684,link1125281431575,2
1685,link146028888069,2
1686,link1623497637909,2
1687,link1090921693209,2
1688,link1623497637913,2
1689,link996432412672,2
1690,link841813590032,2
1691,link1623497637903,2
1692,link1340029796363,2
1693,link1649267441668,2
1694,link1632087572508,2
1695,link1571958030336,2
1696,link403726925825,2
1697,link1142461300742,2
1698,link1391569403906,2
1699,link1563368095752,2
1700,link781684047900,2
1701,link816043786264,2
1702,link747324309506,2
1703,link249108103176,2
1704,link1606317768726,2
1705,link618475290647,2
1706,link695784701953,2
1707,link146028888073,2
1708,link317827579940,2
1709,link1683627180039,2
1710,link523986010119,2
1711,link1511828488199,2
1712,link1159641169928,2
1713,link841813590025,2
1714,link893353197585,2
1715,link1099511627785,2
1716,link1322849927189,2
1717,link1486058684421,2
1718,link790273982477,2
1719,link455266533401,2
1720,link816043786244,2
1721,link1632087572506,2
1722,link137438953486,2
1723,link1400159338521,2
1724,link670014898197,2
1725,link996432412688,2
1726,link51539607569,2
1727,link1322849927168,2
1728,link1039382085635,2
1729,link687194767390,2
1730,link128849018889,2
1731,link1494648619024,2
1732,link1116691496974,2
1733,link781684047872,2
1734,link1494648619040,2
1735,link420906795029,2
1736,link12,2
1737,link1279900254228,2
1738,link1297080123421,2
1739,link1022202216449,2
1740,link463856467990,2
1741,link541165879316,2
1742,link68719476747,2
1743,link223338299408,2
1744,link498216206350,2
1745,link584115552272,2
1746,link807453851650,2
1747,link1005022347277,2
1748,link1005022347264,2
1749,link721554505752,2
1750,link1022202216454,2
1751,link970662608917,2
1752,link1262720385041,2
1753,link515396075541,2
1754,link1090921693195,2
1755,link326417514496,2
1756,link352187318273,2
1757,link60129542162,2
1758,link369367187480,2
1759,link1623497637912,2
1760,link1262720385026,2
1761,link498216206353,2
1762,link1425929142290,2
1763,link1571958030349,2
1764,link1589137899531,2
1765,link901943132160,2
1766,link420906795011,2
1767,link987842478110,2
1768,link944892805141,2
1769,link1108101562375,2
1770,link163208757249,2
1771,link1546188226565,2
1772,link1202590842892,2
1773,link755914244115,2
1774,link1047972020246,2
1775,link343597383691,2
1776,link1073741824017,2
1777,link1228360646677,2
1778,link712964571159,2
1779,link360777252867,2
1780,link1090921693189,2
1781,link171798691851,2
1782,link644245094417,2
1783,link1365799600146,2
1784,link1614907703311,2
1785,link1400159338518,2
1786,link712964571155,2
1787,link1357209665536,2
1788,link1116691496967,2
1789,link609885356056,2
1790,link51539607567,2
1791,link936302870528,2
1792,link231928233991,2
1793,link1503238553604,2
1794,link1563368095768,2
1795,link103079215115,2
1796,link824633720837,2
1797,link730144440323,2
1798,link1451698946056,2
1799,link644245094425,2
1800,link609885356033,2
1801,link8589934610,2
1802,link1348619730954,2
1803,link936302870538,2
1804,link120259084318,2
1805,link1314259992588,2
1806,link1245540515860,2
1807,link1116691496960,2
1808,link962072674306,2
1809,link755914244116,2
1810,link1030792151058,2
1811,link1262720385025,2
1812,link1039382085655,2
1813,link1365799600135,2
1814,link326417514518,2
1815,link1151051235341,2
1816,link137438953483,2
1817,link1331439861791,2
1818,link1211180777488,2
1819,link17179869198,2
1820,link146028888072,2
1821,link687194767362,2
1822,link1554778161162,2
1823,link498216206351,2
1824,link979252543516,2
1825,link68719476765,2
1826,link137438953487,2
1827,link996432412681,2
1828,link1700807049233,2
1829,link695784701971,2
1830,link146028888067,2
1831,link841813590035,2
1832,link257698037772,1
1833,link1056561954834,1
1834,link1494648619030,1
1835,link1417339207698,1
1836,link1503238553607,1
1837,link1142461300746,1
1838,link523986010113,1
1839,link627065225241,1
1840,link1486058684430,1
1841,link532575944715,1
1842,link644245094411,1
1843,link1065151889438,1
1844,link618475290640,1
1845,link953482739737,1
1846,link919123001372,1
1847,link1365799600129,1
1848,link369367187475,1
1849,link1262720385045,1
1850,link609885356055,1
1851,link403726925835,1
1852,link481036337160,1
1853,link876173328398,1
1854,link790273982486,1
1855,link489626271746,1
1856,link1159641169949,1
1857,link1382979469314,1
1858,link128849018892,1
1859,link601295421451,1
1860,link300647710747,1
1861,link730144440349,1
1862,link412316860428,1
1863,link317827579913,1
1864,link807453851666,1
1865,link841813590026,1
1866,link738734374924,1
1867,link1116691496966,1
1868,link1047972020228,1
1869,link1675037245446,1
1870,link1116691496963,1
1871,link154618822682,1
1872,link721554505745,1
1873,link1460288880655,1
1874,link515396075547,1
1875,link824633720849,1
1876,link1236950581264,1
1877,link188978561038,1
1878,link1022202216460,1
1879,link369367187472,1
1880,link1202590842898,1
1881,link506806140954,1
1882,link317827579916,1
1883,link541165879299,1
1884,link712964571142,1
1885,link541165879318,1
1886,link317827579914,1
1887,link1606317768727,1
1888,link1022202216469,1
1889,link807453851663,1
1890,link171798691852,1
1891,link1365799600134,1
1892,link68719476751,1
1893,link996432412685,1
1894,link68719476745,1
1895,link575525617682,1
1896,link68719476757,1
1897,link335007449088,1
1898,link764504178689,1
1899,link867583393813,1
1900,link841813590023,1
1901,link1623497637905,1
1902,link1168231104537,1
1903,link1133871366167,1
1904,link566935683090,1
1905,link292057776147,1
1906,link111669149713,1
1907,link1683627180042,1
1908,link1151051235340,1
1909,link111669149717,1
1910,link910533066756,1
1911,link326417514500,1
1912,link609885356051,1
1913,link446676598791,1
1914,link1451698946071,1
1915,link1417339207694,1
1916,link1219770712070,1
1917,link601295421449,1
1918,link463856467998,1
1919,link1382979469346,1
1920,link463856467999,1
1921,link489626271768,1
1922,link1597727834121,1
1923,link884763262978,1
1924,link884763262988,1
1925,link403726925836,1
1926,link764504178717,1
1927,link326417514508,1
1928,link42949672982,1
1929,link386547056641,1
1930,link661424963598,1
1931,link231928234008,1
1932,link884763262983,1
1933,link300647710721,1
1934,link523986010129,1
1935,link34359738382,1
1936,link1546188226562,1
1937,link128849018890,1
1938,link824633720848,1
1939,link1133871366168,1
1940,link446676598793,1
1941,link1683627180033,1
1942,link197568495623,1
1943,link1348619730959,1
1944,link936302870540,1
1945,link171798691864,1
1946,link128849018909,1
1947,link644245094428,1
1948,link1623497637910,1
1949,link335007449103,1
1950,link300647710746,1
1951,link1400159338520,1
1952,link326417514510,1
1953,link489626271766,1
1954,link1391569403921,1
1955,link180388626455,1
1956,link94489280538,1
1957,link798863917069,1
1958,link1271310319640,1
1959,link274877906971,1
1960,link996432412696,1
1961,link1348619730945,1
1962,link1434519076878,1
1963,link884763262986,1
1964,link180388626450,1
1965,link214748364814,1
1966,link1305670057991,1
1967,link987842478088,1
1968,link1228360646658,1
1969,link515396075526,1
1970,link249108103185,1
1971,link1477468749830,1
1972,link506806140941,1
1973,link223338299397,1
1974,link730144440325,1
1975,link77309411335,1
1976,link85899345920,1
1977,link197568495638,1
1978,link910533066767,1
1979,link1649267441679,1
1980,link1297080123415,1
1981,link1434519076873,1
1982,link1005022347284,1
1983,link60129542165,1
1984,link1245540515869,1
1985,link695784701977,1
1986,link1142461300736,1
1987,link987842478085,1
1988,link1425929142288,1
1989,link747324309508,1
1990,link790273982481,1
1991,link1623497637907,1
1992,link180388626443,1
1993,link1529008357377,1
1994,link962072674326,1
1995,link558345748484,1
1996,link498216206352,1
1997,link532575944711,1
1998,link876173328387,1
1999,link1529008357376,1
2000,link824633720846,1
2001,link51539607555,1
2002,link704374636567,1
2003,link1056561954831,1
2004,link42949672973,1
2005,link489626271751,1
2006,link1408749273107,1
2007,link103079215125,1
2008,link17179869202,1
2009,link635655159815,1
2010,link644245094404,1
2011,link1219770712074,1
2012,link77309411348,1
2013,link506806140944,1
2014,link944892805145,1
2015,link532575944724,1
2016,link515396075534,1
2017,link592705486871,1
2018,link206158430210,1
2019,link773094113299,1
2020,link1709396983837,1
2021,link541165879297,1
2022,link927712935963,1
2023,link1511828488212,1
2024,link1211180777483,1
2025,link292057776143,1
2026,link1632087572500,1
2027,link532575944705,1
2028,link1580547964945,1
2029,link1314259992587,1
2030,link68719476738,1
2031,link1640677507095,1
2032,link1176821039120,1
2033,link1546188226589,1
2034,link1065151889419,1
2035,link858993459219,1
2036,link8589934601,1
2037,link901943132176,1
2038,link1056561954821,1
2039,link833223655447,1
2040,link747324309510,1
2041,link549755813891,1
2042,link1159641169942,1
2043,link927712935961,1
2044,link463856467971,1
2045,link34359738373,1
2046,link996432412692,1
2047,link678604832789,1
2048,link420906795032,1
2049,link455266533390,1
2050,link1546188226583,1
2051,link163208757259,1
2052,link1005022347270,1
2053,link1692217114649,1
2054,link1099511627793,1
2055,link1288490188811,1
2056,link481036337157,1
2057,link472446402574,1
2058,link1039382085638,1
2059,link695784701960,1
2060,link360777252870,1
2061,link1606317768715,1
2062,link962072674331,1
2063,link1460288880661,1
2064,link1219770712083,1
2065,link987842478108,1
2066,link1176821039116,1
2067,link1649267441676,1
2068,link120259084294,1
2069,link1082331758624,1
2070,link970662608906,1
2071,link1005022347266,1
2072,link936302870559,1
2073,link1391569403914,1
2074,link678604832774,1
2075,link962072674311,1
2076,link1211180777482,1
2077,link1477468749824,1
2078,link1460288880649,1
2079,link635655159808,1
2080,link1614907703313,1
2081,link489626271764,1
2082,link60129542156,1
2083,link1271310319631,1
2084,link94489280531,1
2085,link446676598800,1
2086,link77309411347,1
2087,link343597383699,1
2088,link867583393825,1
2089,link1571958030346,1
2090,link1202590842897,1
2091,link1400159338499,1
2092,link1382979469347,1
2093,link300647710748,1
2094,link618475290641,1
2095,link1305670057998,1
2096,link1090921693194,1
2097,link1168231104534,1
2098,link618475290635,1
2099,link747324309520,1
2100,link1400159338497,1
2101,link249108103177,1
2102,link661424963596,1
2103,link274877906975,1
2104,link687194767363,1
2105,link1451698946068,1
2106,link876173328402,1
2107,link1486058684428,1
2108,link747324309516,1
2109,link833223655432,1
2110,link1168231104535,1
2111,link1365799600138,1
2112,link8589934612,1
2113,link292057776141,1
2114,link1073741824024,1
2115,link1151051235332,1
2116,link1520418422808,1
2117,link1219770712069,1
2118,link944892805121,1
2119,link1168231104530,1
2120,link1546188226586,1
2121,link438086664215,1
2122,link1563368095755,1
2123,link300647710745,1
2124,link1030792151049,1
2125,link523986010128,1
2126,link506806140952,1
2127,link1494648619037,1
2128,link1503238553609,1
2129,link1709396983817,1
2130,link481036337154,1
2131,link1202590842916,1
2132,link893353197592,1
2133,link523986010121,1
2134,link1056561954856,1
2135,link1709396983830,1
2136,link1529008357386,1
2137,link326417514522,1
2138,link523986010131,1
2139,link420906795015,1
2140,link120259084292,1
2141,link128849018904,1
2142,link541165879310,1
2143,link1675037245452,1
2144,link566935683095,1
2145,link764504178702,1
2146,link386547056665,1
2147,link1305670057986,1
2148,link386547056660,1
2149,link1374389534738,1
2150,link188978561046,1
2151,link790273982471,1
2152,link489626271769,1
2153,link1632087572501,1
2154,link661424963586,1
2155,link1692217114636,1
2156,link103079215109,1
2157,link979252543498,1
2158,link944892805135,1
2159,link489626271755,1
2160,link1340029796368,1
2161,link1297080123406,1
2162,link867583393827,1
2163,link188978561039,1
2164,link1159641169937,1
2165,link858993459236,1
2166,link240518168590,1
2167,link1537598291996,1
2168,link1090921693206,1
2169,link944892805153,1
2170,link1288490188807,1
2171,link1348619730952,1
2172,link1022202216450,1
2173,link137438953482,1
2174,link712964571141,1
2175,link584115552284,1
2176,link549755813902,1
2177,link1236950581255,1
2178,link360777252879,1
2179,link1039382085658,1
2180,link858993459231,1
2181,link1520418422801,1
2182,link1546188226567,1
2183,link1245540515864,1
2184,link1632087572507,1
2185,link25769803802,1
2186,link781684047907,1
2187,link77309411349,1
2188,link1236950581271,1
2189,link1297080123403,1
2190,link386547056659,1
2191,link8589934600,1
2192,link773094113289,1
2193,link1271310319639,1
2194,link1245540515868,1
2195,link953482739732,1
2196,link910533066757,1
2197,link1116691496976,1
2198,link128849018882,1
2199,link1434519076874,1
2200,link1391569403908,1
2201,link987842478105,1
2202,link154618822675,1
2203,link841813590039,1
2204,link103079215122,1
2205,link1434519076884,1
2206,link154618822660,1
2207,link27,1
2208,link94489280540,1
2209,link85899345933,1
2210,link17179869205,1
2211,link730144440338,1
2212,link506806140953,1
2213,link687194767364,1
2214,link1056561954844,1
2215,link1331439861793,1
2216,link231928233998,1
2217,link8589934613,1
2218,link412316860437,1
2219,link343597383706,1
2220,link68719476766,1
2221,link403726925833,1
2222,link146028888077,1
2223,link858993459209,1
2224,link1142461300747,1
2225,link1546188226585,1
2226,link1546188226570,1
2227,link1683627180034,1
2228,link23,1
2229,link34359738377,1
2230,link627065225237,1
2231,link936302870554,1
2232,link1640677507098,1
2233,link1408749273090,1
2234,link979252543518,1
2235,link223338299405,1
2236,link532575944717,1
2237,link10,1
2238,link1039382085633,1
2239,link25769803778,1
2240,link1434519076876,1
2241,link60129542167,1
2242,link1297080123402,1
2243,link721554505740,1
2244,link566935683088,1
2245,link317827579933,1
2246,link1176821039108,1
2247,link670014898198,1
2248,link927712935967,1
2249,link1185410973701,1
2250,link292057776149,1
2251,link171798691853,1
2252,link1133871366149,1
2253,link26,1
2254,link1340029796374,1
2255,link1331439861788,1
2256,link1365799600128,1
2257,link1400159338519,1
2258,link627065225228,1
2259,link1236950581263,1
2260,link1056561954820,1
2261,link1245540515859,1
2262,link1125281431554,1
2263,link979252543503,1
2264,link936302870534,1
2265,link704374636556,1
2266,link841813590040,1
2267,link386547056664,1
2268,link987842478082,1
2269,link188978561052,1
2270,link128849018907,1
2271,link773094113285,1
2272,link94489280524,1
2273,link953482739746,1
2274,link850403524622,1
2275,link970662608918,1
2276,link188978561050,1
2277,link137438953481,1
2278,link1554778161155,1
2279,link1391569403922,1
2280,link532575944720,1
2281,link644245094402,1
2282,link1477468749843,1
2283,link1606317768732,1
2284,link128849018910,1
2285,link1013612281858,1
2286,link1176821039134,1
2287,link1400159338515,1
2288,link1305670058001,1
2289,link1090921693198,1
2290,link901943132164,1
2291,link352187318272,1
2292,link1468878815242,1
2293,link1262720385024,1
2294,link1614907703316,1
2295,link1348619730950,1
2296,link953482739731,1
2297,link884763263000,1
2298,link1108101562380,1
2299,link1245540515861,1
2300,link352187318290,1
2301,link790273982470,1
2302,link927712935947,1
2303,link386547056657,1
2304,link1219770712067,1
2305,link77309411351,1
2306,link1116691496973,1
2307,link1082331758621,1
2308,link1571958030356,1
2309,link747324309511,1
2310,link1434519076877,1
2311,link438086664213,1
2312,link1194000908308,1
2313,link1417339207705,1
2314,link919123001358,1
2315,link541165879301,1
2316,link1082331758604,1
2317,link1202590842885,1
2318,link515396075522,1
2319,link17179869192,1
2320,link730144440330,1
2321,link240518168587,1
2322,link738734374931,1
2323,link274877906956,1
2324,link1451698946061,1
2325,link60129542150,1
2326,link652835029016,1
2327,link1013612281889,1
2328,link798863917067,1
2329,link274877906972,1
2330,link1245540515849,1
2331,link266287972363,1
2332,link867583393794,1
2333,link1571958030342,1
2334,link283467841551,1
2335,link240518168584,1
2336,link936302870539,1
2337,link609885356037,1
2338,link927712935938,1
2339,link352187318298,1
2340,link953482739714,1
2341,link858993459211,1
2342,link1563368095763,1
2343,link188978561054,1
2344,link8589934611,1
2345,link223338299413,1
2346,link446676598803,1
2347,link1666447310869,1
2348,link274877906960,1
2349,link558345748488,1
2350,link893353197569,1
2351,link1666447310859,1
2352,link1176821039112,1
2353,link120259084305,1
2354,link1700807049222,1
2355,link652835028996,1
2356,link1116691496968,1
2357,link1666447310848,1
2358,link463856468009,1
2359,link309237645317,1
2360,link1692217114647,1
2361,link816043786257,1
2362,link979252543505,1
2363,link1297080123418,1
2364,link369367187474,1
2365,link919123001349,1
2366,link15,1
2367,link1417339207688,1
2368,link652835029011,1
2369,link592705486848,1
2370,link171798691861,1
2371,link1700807049221,1
2372,link1202590842905,1
2373,link764504178705,1
2374,link85899345921,1
2375,link1236950581248,1
2376,link283467841539,1
2377,link103079215132,1
2378,link1288490188812,1
2379,link1047972020238,1
2380,link94489280526,1
2381,link1030792151053,1
2382,link1614907703305,1
2383,link1486058684438,1
2384,link1005022347275,1
2385,link1228360646680,1
2386,link584115552280,1
2387,link146028888086,1
2388,link1606317768719,1
2389,link506806140929,1
2390,link1056561954824,1
2391,link858993459217,1
2392,link1589137899529,1
2393,link773094113293,1
2394,link1030792151043,1
2395,link206158430211,1
2396,link773094113281,1
2397,link1408749273104,1
2398,link1408749273096,1
2399,link197568495620,1
2400,link188978561044,1
2401,link1700807049231,1
2402,link1692217114635,1
2403,link1194000908310,1
2404,link1082331758602,1
2405,link498216206354,1
2406,link377957122068,1
2407,link506806140932,1
2408,link1400159338511,1
2409,link730144440345,1
2410,link807453851652,1
2411,link163208757270,1
2412,link377957122067,1
2413,link51539607564,1
2414,link395136991236,1
2415,link601295421452,1
2416,link1125281431579,1
2417,link1451698946058,1
2418,link824633720835,1
2419,link1047972020247,1
2420,link1262720385031,1
2421,link850403524613,1
2422,link1297080123425,1
2423,link755914244122,1
2424,link455266533394,1
2425,link773094113294,1
2426,link1468878815234,1
2427,link1245540515871,1
2428,link188978561041,1
2429,link566935683073,1
2430,link455266533392,1
2431,link807453851656,1
2432,link1400159338516,1
2433,link549755813898,1
2434,link300647710749,1
2435,link231928234012,1
2436,link1348619730958,1
2437,link867583393820,1
2438,link395136991255,1
2439,link816043786262,1
2440,link738734374918,1
2441,link240518168579,1
2442,link326417514524,1
2443,link128849018887,1
2444,link730144440347,1
2445,link953482739716,1
2446,link163208757267,1
2447,link609885356054,1
2448,link1597727834130,1
2449,link317827579919,1
2450,link901943132175,1
2451,link352187318303,1
2452,link1176821039133,1
2453,link1700807049234,1
2454,link644245094410,1
2455,link1417339207693,1
2456,link781684047879,1
2457,link996432412700,1
2458,link300647710741,1
2459,link300647710740,1
2460,link953482739736,1
2461,link1417339207683,1
2462,link1546188226573,1
2463,link154618822687,1
2464,link309237645326,1
2465,link146028888080,1
2466,link1486058684435,1
2467,link481036337165,1
2468,link1494648619035,1
2469,link1022202216474,1
2470,link901943132161,1
2471,link266287972366,1
2472,link910533066755,1
2473,link1314259992602,1
2474,link807453851679,1
2475,link111669149708,1
2476,link292057776145,1
2477,link1056561954833,1
2478,link695784701963,1
2479,link120259084322,1
2480,link575525617698,1
2481,link1047972020239,1
2482,link1546188226569,1
2483,link1254130450435,1
2484,link1142461300749,1
2485,link34359738372,1
2486,link214748364806,1
2487,link455266533391,1
2488,link515396075549,1
2489,link1245540515846,1
2490,link352187318285,1
2491,link833223655434,1
2492,link1632087572488,1
2493,link120259084325,1
2494,link755914244131,1
2495,link377957122062,1
2496,link1125281431566,1
2497,link558345748494,1
2498,link618475290637,1
2499,link1563368095766,1
2500,link1176821039104,1
2501,link1477468749827,1
2502,link137438953478,1
2503,link1511828488207,1
2504,link678604832779,1
2505,link1692217114645,1
2506,link1314259992599,1
2507,link1494648619019,1
2508,link1649267441684,1
2509,link343597383712,1
2510,link1168231104536,1
2511,link627065225243,1
2512,link1030792151064,1
2513,link970662608920,1
2514,link704374636571,1
2515,link137438953499,1
2516,link163208757266,1
2517,link326417514516,1
2518,link867583393826,1
2519,link1159641169946,1
2520,link1494648619033,1
2521,link575525617691,1
2522,link266287972368,1
2523,link730144440344,1
2524,link429496729612,1
2525,link566935683081,1
2526,link386547056654,1
2527,link764504178708,1
2528,link601295421445,1
2529,link858993459218,1
2530,link1254130450436,1
2531,link1554778161175,1
2532,link841813590030,1
2533,link1417339207695,1
2534,link1546188226595,1
2535,link858993459216,1
2536,link781684047889,1
2537,link1176821039137,1
2538,link618475290644,1
2539,link1065151889428,1
2540,link1005022347273,1
2541,link231928234000,1
2542,link360777252875,1
2543,link343597383692,1
2544,link678604832768,1
2545,link343597383690,1
2546,link94489280518,1
2547,link1056561954847,1
2548,link1546188226576,1
2549,link1365799600139,1
2550,link970662608902,1
2551,link695784701973,1
2552,link532575944708,1
2553,link1520418422797,1
2554,link120259084324,1
2555,link790273982466,1
2556,link1159641169947,1
2557,link34359738376,1
2558,link1159641169952,1
2559,link1382979469313,1
2560,link103079215110,1
2561,link137438953491,1
2562,link1537598291976,1
2563,link1099511627779,1
2564,link360777252877,1
2565,link687194767385,1
2566,link266287972365,1
2567,link755914244123,1
2568,link1185410973717,1
2569,link352187318292,1
2570,link377957122063,1
2571,link1305670058004,1
2572,link584115552287,1
2573,link755914244101,1
2574,link489626271761,1
2575,link1657857376272,1
2576,link1116691496979,1
2577,link1022202216452,1
2578,link1477468749841,1
2579,link68719476759,1
2580,link103079215112,1
2581,link1649267441687,1
2582,link1211180777480,1
2583,link1692217114632,1
2584,link798863917065,1
2585,link438086664225,1
2586,link25769803779,1
2587,link472446402571,1
2588,link721554505751,1
2589,link1030792151045,1
2590,link575525617694,1
2591,link77309411341,1
2592,link111669149709,1
2593,link292057776146,1
2594,link678604832793,1
2595,link1529008357408,1
2596,link798863917078,1
2597,link386547056656,1
2598,link936302870551,1
2599,link1133871366158,1
2600,link1108101562378,1
2601,link1194000908289,1
2602,link1382979469331,1
2603,link1571958030351,1
2604,link1159641169945,1
2605,link575525617699,1
2606,link1425929142283,1
2607,link51539607573,1
2608,link77309411333,1
2609,link481036337174,1
2610,link137438953479,1
2611,link257698037791,1
2612,link1460288880645,1
2613,link1391569403926,1
2614,link627065225230,1
2615,link1580547964932,1
2616,link403726925830,1
2617,link867583393800,1
2618,link206158430224,1
2619,link1340029796354,1
2620,link481036337169,1
2621,link575525617672,1
2622,link532575944712,1
2623,link120259084295,1
2624,link103079215105,1
2625,link395136991252,1
2626,link429496729606,1
2627,link42949672965,1
2628,link523986010123,1
2629,link687194767399,1
2630,link1451698946059,1
2631,link1700807049228,1
2632,link1185410973709,1
2633,link1606317768721,1
2634,link17179869193,1
2635,link1563368095751,1
2636,link206158430218,1
2637,link1039382085639,1
2638,link1563368095753,1
2639,link395136991248,1
2640,link893353197581,1
2641,link1520418422813,1
2642,link1391569403905,1
2643,link996432412674,1
2644,link274877906945,1
2645,link1022202216462,1
2646,link274877906944,1
2647,link1331439861780,1
2648,link326417514514,1
2649,link8589934614,1
2650,link120259084313,1
2651,link1211180777489,1
2652,link781684047880,1
2653,link1262720385040,1
2654,link1417339207685,1
2655,link1271310319638,1
2656,link721554505728,1
2657,link1546188226572,1
2658,link1640677507078,1
2659,link274877906970,1
2660,link962072674314,1
2661,link1554778161183,1
2662,link1675037245467,1
2663,link670014898199,1
2664,link1228360646660,1
2665,link60129542159,1
2666,link1468878815245,1
2667,link1657857376275,1
2668,link919123001363,1
2669,link627065225233,1
2670,link627065225227,1
2671,link1185410973710,1
2672,link111669149726,1
2673,link1279900254212,1
2674,link764504178715,1
2675,link274877906948,1
2676,link386547056651,1
2677,link781684047874,1
2678,link472446402565,1
2679,link1632087572514,1
2680,link1486058684434,1
2681,link1022202216457,1
2682,link25769803790,1
2683,link1279900254225,1
2684,link1314259992580,1
2685,link1468878815243,1
2686,link1194000908302,1
2687,link1099511627783,1
2688,link755914244105,1
2689,link601295421459,1
2690,link8589934606,1
2691,link1511828488201,1
2692,link1632087572492,1
2693,link1503238553611,1
2694,link987842478106,1
2695,link180388626435,1
2696,link197568495618,1
2697,link1546188226577,1
2698,link1486058684440,1
2699,link987842478107,1
2700,link618475290639,1
2701,link146028888090,1
2702,link137438953496,1
2703,link17179869206,1
2704,link970662608912,1
2705,link1529008357399,1
2706,link1657857376265,1
2707,link979252543517,1
2708,link1606317768724,1
2709,link1571958030343,1
2710,link1580547964939,1
2711,link1262720385035,1
2712,link541165879311,1
2713,link678604832790,1
2714,link1391569403919,1
2715,link1623497637917,1
2716,link1632087572510,1
2717,link420906795023,1
2718,link858993459223,1
2719,link8589934594,1
2720,link858993459230,1
2721,link154618822659,1
2722,link197568495635,1
2723,link42949672964,1
2724,link1297080123395,1
2725,link850403524617,1
2726,link687194767388,1
2727,link1477468749844,1
2728,link575525617684,1
2729,link1013612281874,1
2730,link1125281431563,1
2731,link137438953500,1
2732,link429496729619,1
2733,link996432412673,1
2734,link867583393797,1
2735,link223338299406,1
2736,link824633720840,1
2737,link455266533398,1
2738,link1709396983824,1
2739,link266287972367,1
2740,link1382979469321,1
2741,link481036337181,1
2742,link42949672987,1
2743,link1202590842914,1
2744,link1305670057985,1
2745,link1520418422794,1
2746,link1065151889423,1
2747,link1374389534728,1
2748,link695784701970,1
2749,link644245094413,1
2750,link420906795024,1
2751,link163208757257,1
2752,link1365799600130,1
2753,link1133871366148,1
2754,link790273982487,1
2755,link300647710728,1
2756,link858993459202,1
2757,link1176821039129,1
2758,link549755813903,1
2759,link584115552257,1
2760,link566935683089,1
2761,link1013612281882,1
2762,link755914244096,1
2763,link953482739722,1
2764,link352187318283,1
2765,link1554778161173,1
2766,link214748364807,1
2767,link1151051235343,1
2768,link188978561037,1
2769,link695784701969,1
2770,link712964571145,1
2771,link919123001367,1
2772,link1211180777487,1
2773,link635655159828,1
2774,link1340029796362,1
2775,link446676598797,1
2776,link429496729607,1
2777,link1649267441685,1
2778,link1425929142294,1
2779,link1030792151047,1
2780,link68719476753,1
2781,link240518168589,1
2782,link1537598291993,1
2783,link274877906959,1
2784,link558345748489,1
2785,link1082331758597,1
2786,link1065151889430,1
2787,link738734374922,1
2788,link1640677507092,1
2789,link1494648619020,1
2790,link1039382085648,1
2791,link120259084316,1
2792,link833223655433,1
2793,link111669149710,1
2794,link137438953473,1
2795,link618475290631,1
2796,link1254130450445,1
2797,link584115552279,1
2798,link541165879308,1
2799,link876173328389,1
2800,link1460288880670,1
2801,link584115552270,1
2802,link111669149723,1
2803,link403726925837,1
2804,link1288490188809,1
2805,link970662608908,1
2806,link154618822683,1
2807,link68719476744,1
2808,link790273982474,1
2809,link1073741824005,1
2810,link240518168580,1
2811,link171798691863,1
2812,link111669149718,1
2813,link137438953493,1
2814,link515396075527,1
2815,link1340029796359,1
2816,link1614907703302,1
2817,link231928234005,1
2818,link1185410973713,1
2819,link249108103181,1
2820,link223338299407,1
2821,link188978561027,1
2822,link987842478100,1
2823,link386547056652,1
2824,link1640677507096,1
2825,link1133871366175,1
2826,link249108103182,1
2827,link807453851657,1
2828,link1013612281863,1
2829,link163208757275,1
2830,link1546188226593,1
2831,link1056561954858,1
2832,link77309411338,1
2833,link764504178696,1
2834,link566935683080,1
2835,link240518168594,1
2836,link146028888070,1
2837,link781684047902,1
2838,link807453851669,1
2839,link1434519076891,1
2840,link644245094414,1
2841,link1657857376279,1
2842,link644245094406,1
2843,link111669149699,1
2844,link1348619730968,1
2845,link807453851659,1
2846,link764504178688,1
2847,link1314259992601,1
2848,link274877906961,1
2849,link1477468749834,1
2850,link1417339207691,1
2851,link343597383698,1
2852,link438086664200,1
2853,link77309411343,1
2854,link85899345922,1
2855,link953482739727,1
2856,link712964571163,1
2857,link858993459208,1
2858,link1322849927179,1
2859,link257698037790,1
2860,link283467841543,1
2861,link609885356063,1
2862,link377957122054,1
2863,link1589137899520,1
2864,link266287972375,1
2865,link1297080123413,1
2866,link1357209665548,1
2867,link1623497637922,1
2868,link1425929142275,1
